country,year,Preparing for reuse,Products put on the market,recovered_kg_per_cap,recycled_kg_per_cap,Recycling and preparing for reuse,collected_kg_per_cap,Waste collected from households,Waste collected from other sources,generated_kg_per_cap,Waste treated in another Member State of the EU,Waste treated in the Member State,Waste treated outside the EU,treatment_kg_per_cap,countryiso3code_x,gdp_per_capita,countryiso3code_y,population,log_gdp,log_population,generated_kg_per_cap_tonnes,collected_kg_per_cap_tonnes,recycled_kg_per_cap_tonnes,treatment_kg_per_cap_tonnes,recovered_kg_per_cap_tonnes
Austria,2012,0.29,56.32,24.759999999999998,,22.03,27.549999999999997,18.18,0.18,,0.06,27.48,0.0,27.549999999999997,AT,48250.4059142637,AT,8429991.0,10.7841595194626,15.94730626236181,,232246.25204999998,,232246.25204999998,208726.57716
Austria,2013,0.31,55.14,24.410000000000004,,21.490000000000002,27.19,17.94,0.21000000000000002,,0.51,26.68,0.02,27.19,AT,50305.3545774973,AT,8479823.0,10.825866803255078,15.95320013490874,,230566.38737,,230566.38737,206992.47943000004
Austria,2014,0.31,58.03,25.21,,21.72,27.27,17.96,0.24,,0.16999999999999998,26.990000000000002,0.1,27.27,AT,51314.9722616322,AT,8546356.0,10.8457378455288,15.961015551233999,,233059.12812,,233059.12812,215453.63476000002
Austria,2015,0.4,64.79,25.71,,22.6,27.85,18.27,0.32,,0.08,27.75,0.02,27.85,AT,43915.228020857,AT,8642699.0,10.690016418660566,15.972225476257695,,240699.16715,,240699.16715,222203.79129000002
Austria,2016,0.45,73.97,28.3,,25.240000000000002,30.839999999999996,20.75,0.38,,0.45,30.32,0.05,30.839999999999996,AT,45061.4993920192,AT,8736668.0,10.715783488887995,15.983039439244974,,269438.84111999994,,269438.84111999994,247247.70440000002
Austria,2017,2.24,74.73,38.59,,33.089999999999996,41.32,27.41,0.67,,3.42,37.82,0.05,41.32,AT,47163.7425775142,AT,8797566.0,10.76138071065254,15.989985650281024,,363515.42712,,363515.42712,339498.07194000005
Austria,2018,2.25,82.36,37.980000000000004,,32.63,40.9,27.4,0.33,,3.4399999999999995,37.34,0.08,40.9,AT,51194.0749841299,AT,8840521.0,10.843379081364967,15.994856369528714,,361577.3089,,361577.3089,335762.98758
Austria,2019,3.21,67.22,35.15,27.82,31.03,37.620000000000005,36.83,0.79,,6.44,31.16,0.01,37.620000000000005,AT,49885.9947355204,AT,8879920.0,10.817495575722525,15.999303105918763,,334062.59040000004,247039.3744,334062.59040000004,312129.188
Austria,2020,3.11,76.8,37.01,29.46,32.58,39.41,38.36,1.02,,6.31,33.089999999999996,0.02,39.41,AT,48716.4098900349,AT,8916864.0,10.793771211040454,16.003454873234418,,351413.61023999995,262690.81344,351413.61023999995,330013.13664
Austria,2021,3.0,88.99,36.51,28.72,31.729999999999997,38.58,37.95,0.62,,6.569999999999999,31.990000000000002,0.02,38.58,AT,53648.7190742245,AT,8955797.0,10.890212872176884,16.007811590074983,,345514.64826,257210.48984,345514.64826,326976.14846999996
Austria,2022,3.36,93.18,35.35,28.08,31.43,37.19,36.69,0.51,,6.17,30.98,0.04,37.19,AT,52176.6649141178,AT,9041851.0,10.862390641625412,16.017374468045748,,336266.43869,253895.17607999998,336266.43869,319629.43285000004
Austria,2023,2.96,92.2,37.11,29.98,32.96,39.28,38.6,0.68,,6.119999999999999,33.16,0.01,39.28,AT,56033.573792065,AT,9131761.0,10.933706322070936,16.02726911458544,,358695.57207999995,273770.19478,358695.57207999995,338879.65070999996
Belgium,2012,0.75,89.01,26.64,,24.64,31.48,20.15,0.83,,4.7700000000000005,25.54,0.0,30.31,BE,44874.1709182123,BE,11106932.0,10.711617650259736,16.22307997586528,,349646.21936,,336651.10891999997,295888.66848
Belgium,2013,0.99,72.58,27.740000000000002,,25.599999999999998,32.379999999999995,20.72,0.85,,1.52,29.89,0.0,31.39,BE,46964.5946777056,BE,11159407.0,10.757149292085947,16.227793377304945,,361341.59865999996,,350293.78573,309561.95018
Belgium,2014,0.69,69.68,26.61,,23.9,31.14,19.84,0.91,,1.59,29.549999999999997,0.0,31.14,BE,47995.7786961339,BE,11209057.0,10.7788683421922,16.232232670189696,,349050.03498,,349050.03498,298273.00677
Belgium,2015,0.62,71.56,27.44,,24.4,31.53,19.36,1.67,,2.0300000000000002,27.849999999999998,0.0,29.880000000000003,BE,40893.804537772,BE,11274196.0,10.618733852262814,16.238027132606476,,355475.39988,,336872.97648,309363.93824
Belgium,2016,0.0,75.96000000000001,29.81,,26.07,35.82,23.36,1.19,,1.1400000000000001,31.439999999999998,0.0,32.6,BE,41854.5498296444,BE,11331422.0,10.641955787562523,16.24309013263099,,405891.53604000004,,369404.35719999997,337789.68981999997
Belgium,2017,0.0,79.7,29.68,,26.03,34.56,21.26,2.4,,1.19,31.380000000000003,0.02,32.58,BE,44035.3239358548,BE,11375158.0,10.692747407539397,16.24694241281471,,393125.46048,,370602.64764,337614.68944
Belgium,2018,1.54,85.31,31.630000000000003,,27.78,38.269999999999996,23.38,2.77,,1.23,33.629999999999995,0.06,34.92,BE,47487.2100392561,BE,11427054.0,10.76821569143367,16.251494259767462,,437313.35657999996,,399032.72568000003,361437.71802000003
Belgium,2019,1.6,71.99,24.810000000000002,20.54,22.15,31.259999999999998,26.66,4.6,,0.85,30.419999999999998,0.0,31.259999999999998,BE,46716.6227467964,BE,11488980.0,10.75185532779159,16.256898873038445,,359145.51479999995,235983.64919999999,359145.51479999995,285041.59380000003
Belgium,2020,1.73,71.45,26.66,22.07,23.79,32.66,28.15,4.51,,0.38,32.28,0.0,32.66,BE,45906.2875805246,BE,11538604.0,10.734357370992296,16.26120884118944,,376850.80663999997,254656.99028,376850.80663999997,307619.18264
Belgium,2021,1.83,68.79,28.37,23.42,25.26,34.79,28.77,5.98,,1.01,33.96,0.0,34.97,BE,51658.238294958,BE,11586195.0,10.852404964151159,16.265324861154763,,403083.72405,271348.68690000003,405169.23915,328700.35215000005
Belgium,2022,1.57,75.15,27.060000000000002,22.97,24.55,33.2,26.52,6.65,,7.14,26.02,0.0,33.2,BE,50822.2518538518,BE,11680210.0,10.836089566279172,16.27340651465478,,387782.97200000007,268294.4237,387782.97200000007,316066.48260000005
Belgium,2023,2.01,81.6,31.36,26.29,28.3,33.93,26.81,7.12,,1.02,32.43,0.0,33.47,BE,54690.0942734964,BE,11787423.0,10.909437880118752,16.28254367355893,,399947.26239,309891.35067,394525.04781,369653.58528
Bosnia and Herzegovina,2019,,29.34,,,,,,,18.49,,,,,BA,6122.3753450882,BA,3345533.0,8.71970542848646,15.023136581152773,61858.90516999999,,,,
Bosnia and Herzegovina,2020,,27.36,,,,,,,19.14,,,,,BA,6130.31133245161,BA,3299349.0,8.721000815968733,15.009235734248612,63149.53986,,,,
Bosnia and Herzegovina,2021,,31.29,,,,,,,19.78,,,,,BA,7295.3438240957,BA,3244907.0,8.894991591319256,14.992597248233519,64184.26046,,,,
Bosnia and Herzegovina,2022,,33.19,,,,,,,20.4,,,,,BA,7655.59421024383,BA,3204802.0,8.943191928886375,14.9801608679574,65377.96079999999,,,,
Bosnia and Herzegovina,2023,,40.47,,,,,,,21.25,,,,,BA,8663.02322987879,BA,3185073.0,9.066819043391657,14.973985766662949,67682.80125,,,,
Bulgaria,2012,0.08,21.82,13.379999999999999,,13.26,15.78,10.33,0.19,,0.14,15.34,0.0,15.47,BG,7431.95789508871,BG,7305888.0,8.913544615123577,15.804191156353998,,115286.91264,,113022.08736,97752.78143999999
Bulgaria,2013,0.04,23.52,12.3,,12.18,14.61,9.36,0.34,,0.02,13.71,0.0,13.73,BG,7795.98092108928,BG,7160005.0,8.961363613355251,15.784021237260607,,104607.67305,,98306.86865,88068.0615
Bulgaria,2014,,27.43,15.3,,15.0,17.68,11.44,0.26,,0.11,16.97,0.24,17.34,BG,8069.60005667684,BG,7073572.0,8.995859200764126,15.771876143665825,,125060.75296,,122655.73848,108225.65160000001
Bulgaria,2015,0.0,28.68,22.88,,22.41,26.150000000000002,16.38,0.89,,0.1,24.03,0.45999999999999996,24.59,BG,7268.65445473873,BG,6984225.0,8.89132647151867,15.75916459247748,,182637.48375,,171742.09275,159799.068
Bulgaria,2016,0.0,30.770000000000003,21.88,,21.33,26.17,15.78,1.45,,0.0,19.34,0.33,19.67,BG,7822.49923292968,BG,6894139.0,8.964759377483547,15.746182188315798,,180419.61763000002,,135607.71413000004,150843.76132
Bulgaria,2017,0.0,32.16,20.64,,19.59,23.4,13.36,2.04,,0.65,20.59,1.37,22.61,BG,8696.68930427924,BG,6803468.0,9.070697692481037,15.732943040140535,,159201.1512,,153826.41147999998,140423.57952
Bulgaria,2018,0.02,36.04,20.03,,18.76,23.16,9.950000000000001,13.209999999999999,,0.09,18.23,2.33,20.65,BG,9872.38507789106,BG,6710798.0,9.19749675246414,15.719228428851277,,155422.08168,,138577.97869999998,134417.28394
Bulgaria,2019,,26.95,17.3,15.5,15.5,18.67,,,,0.05,18.56,0.06,18.67,BG,10372.8044341114,BG,6616726.0,9.246942701895517,15.705111243643566,,123534.27442000002,102559.253,123534.27442000002,114469.3598
Bulgaria,2020,0.25,32.93,24.85,24.0,24.26,28.759999999999998,28.759999999999998,,,,27.15,0.97,28.119999999999997,BG,10769.9475699414,BG,6550696.0,9.284514901980868,15.695081861508275,,188398.01695999998,157216.704,184205.57151999997,162784.7956
Bulgaria,2021,0.57,42.18,33.17,32.49,33.05,36.949999999999996,36.949999999999996,,,0.02,32.45,3.0,35.47,BG,12972.2173356002,BG,6507301.0,9.47056522149594,15.688435335283392,,240444.77194999997,211422.20949,230813.96646999998,215847.17417
Bulgaria,2022,0.11,39.83,35.13,34.73,34.83,40.699999999999996,40.699999999999996,,,0.0,37.699999999999996,1.29,39.0,BG,13999.6719197289,BG,6465097.0,9.546789174017729,15.681928573942514,,263129.44789999997,224532.81880999997,252138.783,227118.85761
Bulgaria,2023,0.06,45.17,41.04,40.82,40.9,47.39,47.39,,,0.0,44.89,2.0,46.879999999999995,BG,15883.8618545581,BG,6446596.0,9.673058895068905,15.679062797523901,,305504.18444,263150.04872,302216.42048,264568.29984
Croatia,2012,0.0,27.759999999999998,10.84,,10.51,11.370000000000001,4.53,3.0500000000000003,,0.0,11.59,0.0,11.59,HR,13508.6836989693,HR,4260368.0,9.511087994598988,15.264866099491112,,48440.38416,,49377.66512,46182.38912
Croatia,2013,,28.17,10.6,,10.33,10.6,4.23,2.81,,0.0,10.719999999999999,0.0,10.719999999999999,HR,14136.3967669505,HR,4233922.0,9.55650808144311,15.258639308211553,,44879.5732,,45387.64384,44879.5732
Croatia,2014,0.0,27.82,10.79,,10.53,11.0,5.7,1.6,,0.0,10.96,0.0,10.96,HR,14187.9694531493,HR,4201598.0,9.560149662885085,15.250975487081362,,46217.578,,46049.51408000001,45335.242419999995
Croatia,2015,0.0,32.01,15.75,,15.74,17.03,9.53,1.77,,0.0,16.259999999999998,0.0,16.259999999999998,HR,12285.3032582105,HR,4151725.0,9.416158969893624,15.239034468493696,,70703.87675,,67507.04849999999,65389.66875
Croatia,2016,0.0,36.22,27.080000000000002,,26.99,28.05,16.84,1.75,,0.0,28.46,0.0,28.46,HR,12821.1738140304,HR,4106867.0,9.45885328744001,15.228171008679245,,115197.61935000001,,116881.43482000001,111213.95836000002
Croatia,2017,0.0,39.769999999999996,25.479999999999997,,25.37,26.64,16.42,1.23,,0.0,25.479999999999997,0.0,25.479999999999997,HR,13902.6310485422,HR,4041407.0,9.539833385274598,15.212103456633077,,107663.08248,,102975.05035999998,102975.05035999998
Croatia,2018,0.0,45.34,28.0,,28.0,30.71,17.81,2.5100000000000002,,0.0,28.0,0.0,28.0,HR,15460.4183295843,HR,3988775.0,9.646038380610019,15.198994724182652,,122495.28025,,111685.7,111685.7
Croatia,2019,0.0,31.17,18.84,18.83,18.83,20.4,17.169999999999998,3.24,,0.0,18.84,0.0,18.84,HR,15563.8167397199,HR,3949390.0,9.652704059409055,15.18907169457196,,80567.556,74367.01369999998,74406.5076,74406.5076
Croatia,2020,0.0,43.92,19.86,19.79,19.79,20.84,16.56,4.29,,0.0,19.86,0.0,19.86,HR,14808.4620188819,HR,3914206.0,9.60295405439342,15.180123057132112,,81572.05304000001,77462.13674,77736.13115999999,77736.13115999999
Croatia,2021,0.0,49.34,16.92,16.830000000000002,16.830000000000002,18.3,14.23,4.07,,0.0,16.92,0.0,16.92,HR,17789.9304736722,HR,3878981.0,9.786387872483171,15.171083048240476,,70985.3523,65283.250230000005,65632.35852000001,65632.35852000001
Croatia,2022,0.0,50.36,14.74,14.66,14.66,16.27,12.75,3.55,,0.0,14.74,0.0,14.74,HR,18466.0955472648,HR,3855641.0,9.823691656545591,15.165047828718594,,62731.27907,56523.697060000006,56832.14834000001,56832.14834000001
Croatia,2023,0.0,56.61,15.129999999999999,14.99,14.99,16.61,11.55,5.06,,0.0,15.129999999999999,0.0,15.129999999999999,HR,21865.4562838641,HR,3859686.0,9.992663331859974,15.166096390981895,,64109.38446,57856.69314,58397.04918,58397.04918
Cyprus,2012,0.1,44.64,7.54,,7.54,8.73,5.64,0.19,,1.32,6.87,0.56,8.73,CY,28991.935546875,CY,1165397.0,10.274772985705404,13.968572359464355,,10173.91581,,10173.91581,8787.09338
Cyprus,2013,0.21000000000000002,33.43,6.37,,6.37,7.9399999999999995,5.19,0.11,,1.47,5.470000000000001,0.67,7.62,CY,27797.45703125,CY,1183895.0,10.232699821798711,13.984320408061135,,9400.126299999998,,9021.2799,7541.411150000001
Cyprus,2014,0.22999999999999998,30.769999999999996,7.18,,7.18,8.05,5.22,0.16,,0.97,6.4,0.33,7.709999999999999,CY,27244.3515625,CY,1201801.0,10.212601496495394,13.999331822966823,,9674.49805,,9265.885709999999,8628.93118
Cyprus,2015,0.43,34.35,9.47,,9.47,10.42,6.91,0.06,,3.5199999999999996,6.0,0.45,9.97,CY,23487.228515625,CY,1219502.0,10.064212084980092,14.013953136653168,,12707.21084,,12158.434940000001,11548.68394
Cyprus,2016,0.5900000000000001,21.509999999999998,8.27,,8.27,9.41,5.9,0.4,,2.54,5.44,0.77,8.76,CY,24715.154296875,CY,1237112.0,10.115171868767293,14.028290188908962,,11641.22392,,10837.10112,10230.91624
Cyprus,2017,0.41000000000000003,39.89,12.75,,12.75,16.310000000000002,10.549999999999999,0.38,,2.9,11.16,0.42000000000000004,14.510000000000002,CY,26696.990234375,CY,1254275.0,10.192306112730058,14.042068274378272,,20457.225250000003,,18199.530250000003,15992.00625
Cyprus,2018,0.38,41.17,10.29,,10.29,11.370000000000001,5.82,1.79,,3.2800000000000002,7.3100000000000005,0.78,11.370000000000001,CY,29599.986328125,CY,1270737.0,10.295529178424376,14.055107605077792,,14448.279690000001,,14448.279690000001,13075.883729999998
Cyprus,2019,0.24000000000000002,32.49,9.19,8.94,9.19,11.2,11.2,,38.61,1.69,9.040000000000001,0.0,10.72,CY,29703.052734375,CY,1286671.0,10.299005105177898,14.06756882064288,49678.36731,14410.715199999999,11502.838740000001,13793.113120000002,11824.50649
Cyprus,2020,0.22,36.2,11.2,10.98,11.2,12.38,12.38,,38.56,2.24,9.870000000000001,0.06,12.17,CY,28649.015625,CY,1302247.0,10.262874362913871,14.079601791899659,50214.64432,16121.817860000001,14298.67206,15848.34599,14585.166399999998
Cyprus,2021,0.25,40.52,7.26,7.01,7.26,8.93,8.93,0.0,39.05,0.04,7.89,0.14,8.07,CY,33734.03515625,CY,1317309.0,10.426262551978144,14.091101577351264,51440.91645,11763.56937,9234.33609,10630.683630000001,9563.66334
Cyprus,2022,0.1,39.04,8.17,8.03,8.13,10.31,10.31,0.0,38.07,0.04,9.21,0.14,9.39,CY,33894.44921875,CY,1331370.0,10.431006540101825,14.1017190452225,50685.2559,13726.424700000001,10690.9011,12501.5643,10877.2929
Cyprus,2023,0.17,35.06,7.68,7.5,7.68,8.64,8.64,,37.01,0.0,8.42,0.0,8.42,CY,36551.41796875,CY,1344976.0,10.506475259740043,14.111886726992703,49777.56176,11620.59264,10087.32,11324.69792,10329.41568
Czechia,2012,0.0,48.17999999999999,12.350000000000001,,12.350000000000001,15.330000000000002,9.88,0.31,,2.69,10.91,0.24,13.830000000000002,CZ,20014.0354015165,CZ,10510785.0,9.904189076486476,16.167912430834612,,161130.33405,,145364.15655,129808.19475000001
Czechia,2013,,51.900000000000006,14.16,,14.09,15.47,9.56,0.76,,2.09,13.370000000000001,0.09,15.54,CZ,20260.4954999375,CZ,10514272.0,9.916428234558763,16.168244130295115,,162655.78784,,163391.78688,148882.09152000002
Czechia,2014,,51.12,14.41,,14.280000000000001,16.7,10.44,0.65,,2.3600000000000003,13.66,0.03,16.06,CZ,20038.4163180257,CZ,10525347.0,9.905406526029457,16.16929690611039,,175773.2949,,169037.07282,151670.25027000002
Czechia,2015,0.0,53.52,18.96,,18.53,22.43,14.83,0.5700000000000001,,1.93,18.67,0.02,20.64,CZ,17931.5987670768,CZ,10546059.0,9.794319729778335,16.171262793595115,,236548.10337,,217670.65776000003,199953.27864
Czechia,2016,0.0,53.23,27.79,,27.34,20.27,18.97,1.3,,4.45,25.48,0.03,29.97,CZ,18753.9686718096,CZ,10566332.0,9.839160671497723,16.173183277753544,,214179.54963999998,,316672.97004,293638.36627999996
Czechia,2017,0.0,57.63,26.89,,26.22,30.21,18.13,2.0100000000000002,,3.92,24.75,0.05,28.740000000000002,CZ,20913.197632212,CZ,10594438.0,9.948135704318434,16.175839704389034,,320057.97198000003,,304484.14812,284884.43782
Czechia,2018,0.0,57.01,24.19,,23.6,27.71,16.990000000000002,1.96,,2.91,23.4,0.03,26.31,CZ,23705.9329811299,CZ,10629928.0,10.07348063255074,16.17918397701203,,294555.30488,,279673.40568,257137.95832000003
Czechia,2019,0.21,53.84,21.36,20.54,20.74,22.39,19.759999999999998,2.62,,2.9,20.35,0.0,23.25,CZ,24062.7190013343,CZ,10671870.0,10.088418992342875,16.18312186565405,,238943.1693,219200.20979999998,248120.9775,227951.1432
Czechia,2020,0.36,60.21,23.85,23.150000000000002,23.54,26.59,21.85,4.73,,3.18,23.44,0.04,26.68,CZ,23472.8915454417,CZ,10697858.0,10.063601483022085,16.18555409247617,,284456.04422,247655.41270000002,285418.85144,255143.91330000001
Czechia,2021,0.44,70.85,30.15,29.169999999999998,29.61,31.2,24.37,6.8100000000000005,,4.69,27.04,0.02,31.75,CZ,27696.4619527544,CZ,10505772.0,10.229059956680212,16.167435378375917,,327780.0864,306453.36924,333558.261,316749.0258
Czechia,2022,0.48,75.78,33.5,32.83,33.3,35.83,22.41,13.43,,6.3100000000000005,29.11,0.0,35.410000000000004,CZ,28282.2236715857,CZ,10672118.0,10.249988747456268,16.183145104047927,,382381.98794,350365.63393999997,377899.6983800001,357515.953
Czechia,2023,0.2,74.41,40.68,40.13,40.33,42.57,32.37,10.21,,9.1,33.6,0.28,42.98,CZ,31591.0568216357,CZ,10864042.0,10.360629347546004,16.20096899475252,,462482.26794,435974.00546,466936.52515999996,441949.22856
Denmark,2012,0.0,76.15,37.92,,34.5,40.89,26.87,0.38,,15.02,23.91,0.0,38.900000000000006,DK,58443.7747103968,DK,5591572.0,10.975820454990158,15.536771022055307,,228639.37908,,217512.15080000003,212032.41024
Denmark,2013,0.07,73.98,34.46,,31.79,38.51,25.23,0.44,,9.41,32.93,0.0,42.36,DK,61377.5940590412,DK,5614932.0,11.02480012993141,15.540940035662826,,216231.03131999998,,237848.51952,193490.55672
Denmark,2014,0.07,80.98,34.43,,31.56,38.05,24.67,0.7,,9.98,27.93,0.0,37.91,DK,62520.4509747011,DK,5643475.0,11.043248997796363,15.546010568492928,,214734.22374999998,,213944.13724999997,194304.84425
Denmark,2015,0.06,83.84,38.0,,34.84,41.08,26.849999999999998,1.44,,11.06,29.4,0.0,40.459999999999994,DK,53094.0133607574,DK,5683483.0,10.879819458138824,15.553074806989798,,233477.48163999998,,229953.72217999998,215972.354
Denmark,2016,0.13,85.01,37.37,,34.26,39.51,26.310000000000002,0.79,,11.8,27.720000000000002,0.0,39.53,DK,54500.9260410217,DK,5728010.0,10.90597297208536,15.560878733431151,,226313.6751,,226428.2353,214055.73369999998
Denmark,2017,0.13,92.27000000000001,35.55,,32.89,38.17,25.259999999999998,0.83,,13.47,24.81,0.0,38.29,DK,57521.5514992225,DK,5764980.0,10.959914965244344,15.567312242468525,,220049.28660000002,,220741.08419999998,204945.03899999996
Denmark,2018,0.35000000000000003,93.83,34.67,,31.04,38.43,25.07,1.03,,11.35,9.46,0.0,20.81,DK,61324.7665045565,DK,5793636.0,11.023939061611191,15.572270631727315,,222649.43148,,120565.56516,200865.36012
Denmark,2019,0.51,89.09,28.33,24.78,25.3,30.63,29.73,0.91,,6.449999999999999,23.85,0.0,30.3,DK,59404.2663247723,DK,5814422.0,10.992121326420907,15.575851940886242,,178095.74586,144081.37716,176176.9866,164722.57525999998
Denmark,2020,0.61,98.9,31.32,26.93,27.57,32.94,32.46,0.47,,5.67,27.09,0.0,32.730000000000004,DK,60985.4885601514,DK,5831404.0,11.018391222398016,15.578768352661008,,192086.44775999998,157039.70971999998,190861.85292,182639.57328
Denmark,2021,0.82,109.99,28.900000000000002,24.86,25.67,32.17,31.56,0.63,56.22,4.75,26.26,0.0,31.02,DK,69727.9873677012,DK,5856733.0,11.152357056578962,15.583102497555105,329265.52926,188411.10061000002,145598.38238,181675.85766,169259.58370000002
Denmark,2022,1.17,110.6,27.23,23.21,24.38,29.6,29.09,0.51,57.33,5.04,24.61,0.0,29.68,DK,68091.3191138669,DK,5903037.0,11.128605011381836,15.590977522202506,338421.11121,174729.89520000003,137009.48877,175202.13816,160739.69751
Denmark,2023,0.95,83.6,23.85,18.970000000000002,19.919999999999998,34.98,26.16,8.85,59.690000000000005,19.07,5.0,0.0,24.060000000000002,DK,68453.8769281145,DK,5946952.0,11.133915467945613,15.598389377359705,354973.5648800001,208024.38095999998,112813.67944,143083.66512,141834.80520000003
Estonia,2012,0.0,34.129999999999995,11.129999999999999,,9.959999999999999,12.41,8.129999999999999,0.14,,1.7399999999999998,10.05,0.0,11.790000000000001,EE,17568.2137969714,EE,1322696.0,9.773846513917094,14.09518263589223,,16414.65736,,15594.585840000002,14721.606479999999
Estonia,2013,0.0,31.799999999999997,7.57,,6.99,10.58,6.08,0.97,,3.02,5.24,0.0,8.27,EE,19310.3874900757,EE,1317997.0,9.868398442029909,14.091623717865975,,13944.40826,,10899.83519,9977.237290000001
Estonia,2014,,34.57,12.68,,11.76,13.84,7.14,2.08,,3.38,10.41,0.0,13.84,EE,20581.7898991695,EE,1314545.0,9.932161978354891,14.089001156114996,,18193.3028,,18193.3028,16668.4306
Estonia,2015,0.0,35.36,15.620000000000001,,14.690000000000001,16.950000000000003,8.45,2.86,,4.18,12.79,0.0,16.950000000000003,EE,17722.1557669523,EE,1315407.0,9.782570874036644,14.089656681410414,,22296.148650000003,,22296.148650000003,20546.65734
Estonia,2016,0.0,36.28,18.86,,17.560000000000002,20.27,9.51,4.01,,4.11,15.919999999999998,0.24,20.27,EE,18666.3736521706,EE,1315790.0,9.834478983720828,14.089947803665954,,26671.0633,,26671.0633,24815.7994
Estonia,2017,0.0,37.660000000000004,19.950000000000003,,17.9,20.88,11.14,2.77,,3.38,17.490000000000002,0.0,20.88,EE,20851.5223496861,EE,1317384.0,9.945182238934962,14.091158509980621,,27506.977919999998,,27506.977919999998,26281.810800000003
Estonia,2018,0.0,43.39,21.7,,19.47,22.73,11.74,3.39,,5.83,16.29,0.6000000000000001,22.73,EE,23618.1361254581,EE,1321977.0,10.069770175776512,14.094638901360426,,30048.537210000002,,30048.537210000002,28686.900899999997
Estonia,2019,0.04,34.45,15.36,13.37,13.41,16.62,12.87,3.77,,5.4799999999999995,11.129999999999999,0.0,16.62,EE,24021.2501413306,EE,1326898.0,10.086694140130202,14.098354445250802,,22053.04476,17740.626259999997,22053.04476,20381.15328
Estonia,2020,0.01,60.36,21.58,18.36,18.38,22.41,15.98,6.43,,4.51,17.75,0.15000000000000002,22.41,EE,23933.9939421065,EE,1329522.0,10.083055068025153,14.100330037102578,,29794.58802,24410.02392,29794.58802,28691.084759999998
Estonia,2021,0.13,56.62,21.560000000000002,18.419999999999998,18.54,22.54,17.61,4.93,12.98,5.83,15.18,1.56,22.54,EE,27953.7670230126,EE,1330932.0,10.238307246711367,14.10139000666568,17275.49736,29999.20728,24515.767439999996,29999.20728,28694.893920000002
Estonia,2022,0.01,66.85,18.23,15.44,15.44,18.96,14.69,4.27,13.26,4.48,14.49,0.09,19.05,EE,28451.1477825175,EE,1348840.0,10.255943782590158,14.114755521780507,17885.6184,25574.006400000002,20826.0896,25695.402,24589.353199999998
Estonia,2023,0.0,76.8,21.25,18.64,18.65,22.59,16.62,5.970000000000001,13.51,7.48,12.07,3.0300000000000002,22.59,EE,30133.304450454,EE,1370286.0,10.313386299209066,14.130530035141241,18512.56386,30954.760739999998,25542.13104,30954.760739999998,29118.5775
Finland,2012,0.2,76.33,26.83,,26.240000000000002,29.349999999999998,18.490000000000002,1.09,,3.5999999999999996,25.37,0.03,29.02,FI,47551.6740841369,FI,5413971.0,10.76957227417055,15.504493392658846,,158900.04885,,157113.43842,145256.84192999997
Finland,2013,0.35,75.89,19.14,,18.74,31.93,19.57,1.72,,4.199999999999999,26.89,0.09,31.189999999999998,FI,49691.0145200739,FI,5438972.0,10.813579401374739,15.5091006303867,,173666.37596,,169641.53668,104101.92408
Finland,2014,0.25,69.30000000000001,32.83,,31.869999999999997,36.269999999999996,22.38,1.81,,4.279999999999999,31.009999999999998,0.09,35.39,FI,50073.7760815871,FI,5461512.0,10.821252718529616,15.513236232461892,,198089.04023999997,,193282.90968,179301.43895999997
Finland,2015,0.32,64.61,32.67,,31.68,34.24,19.68,3.16,,4.18,30.009999999999998,0.06,34.24,FI,42560.3456767103,FI,5479531.0,10.658678246085698,15.516530071320078,,187619.14144,,187619.14144,179016.27777000002
Finland,2016,0.55,66.93,30.849999999999998,,29.229999999999997,32.89,19.41,2.4899999999999998,,2.9,29.93,0.0,32.86,FI,43451.2562442158,FI,5495303.0,10.679395042685613,15.519404285336954,,180740.51567000002,,180575.65657999998,169530.09754999998
Finland,2017,1.01,67.69,33.51,,32.06,35.61,19.91,3.8499999999999996,,2.24,33.31,0.03,35.56,FI,46085.0174739036,FI,5508214.0,10.738243175594528,15.52175099065401,,196147.50053999998,,195872.08984,184580.25113999998
Finland,2018,0.74,72.24,34.32,,32.519999999999996,36.269999999999996,20.53,3.64,,1.8900000000000001,34.33,0.03,36.269999999999996,FI,49654.2497035329,FI,5515525.0,10.812839259033648,15.523077401061927,,200048.09174999996,,200048.09174999996,189292.818
Finland,2019,1.23,54.53,30.400000000000002,26.62,27.87,31.849999999999998,27.66,4.19,,2.42,29.42,0.0,31.849999999999998,FI,48358.1807773701,FI,5521606.0,10.78639068568719,15.524179317966839,,175863.1511,146985.15172,175863.1511,167856.8224
Finland,2020,0.38,70.7,35.97,33.39,33.75,37.199999999999996,28.25,8.95,,2.98,34.22,0.0,37.199999999999996,FI,48828.6846862799,FI,5529543.0,10.796073220102286,15.525615729938966,,205698.99959999995,184631.44077000002,205698.99959999995,198897.66171000001
Finland,2021,0.53,70.54,34.02,30.7,31.23,35.48,27.82,7.65,49.449999999999996,2.69,32.8,0.0,35.47,FI,53099.1351400148,FI,5541017.0,10.879915919715371,15.52768861588304,274003.29065,196595.28316,170109.2219,196539.87298999997,188505.39834
Finland,2022,0.16,74.78999999999999,32.43,29.57,29.73,33.68,24.37,9.3,50.08,2.24,31.42,0.0,33.68,FI,50440.560224974,FI,5556106.0,10.828550896777168,15.530408061148101,278249.78848000005,187129.65008000002,164294.05442,187129.65008000002,180184.51758
Finland,2023,0.27,73.21000000000001,31.12,28.07,28.36,31.93,23.05,8.87,51.480000000000004,2.07,29.84,0.0,31.93,FI,52821.5114340717,FI,5583911.0,10.874673800248083,15.535399984901913,287459.73828000005,178294.27823,156740.38177,178294.27823,173771.31032
France,2012,0.29,73.47,18.09,,16.56,21.560000000000002,13.83,0.54,,0.26,20.86,0.12,21.240000000000002,FR,40863.5814412333,FR,65657659.0,10.617994516053528,17.9999648160363,,1415579.12804,,1394568.6771600002,1187747.05131
France,2013,0.26,70.93,18.93,,17.22,21.88,13.83,0.74,,0.18,21.28,0.0,21.450000000000003,FR,42669.1795111893,FR,65997932.0,10.661232147292914,18.00513396616647,,1444034.75216,,1415655.6414,1249340.85276
France,2014,0.26,70.31,21.18,,19.11,23.64,14.82,0.94,,0.27,23.28,0.12,23.64,FR,43148.0459288416,FR,66312067.0,10.672392409943663,18.009882444628186,,1567617.2638800002,,1567617.2638800002,1404489.57906
France,2015,0.28,77.81,26.310000000000002,,24.07,29.369999999999997,18.810000000000002,1.27,,0.37,28.94,0.06,29.369999999999997,FR,36702.4323733379,FR,66548272.0,10.510598309049092,18.013438137028768,,1954522.74864,,1954522.74864,1750885.0363200002
France,2016,0.29000000000000004,80.8,30.87,,28.07,34.230000000000004,21.740000000000002,1.65,,0.75,33.39,0.09,34.230000000000004,FR,37024.2157133669,FR,66724104.0,10.519327456288199,18.01607682491442,,2283966.07992,,2283966.07992,2059773.09048
France,2017,0.25,86.84,31.13,,28.45,34.69,21.75,1.83,,1.48,33.22,0.0,34.69,FR,38687.1626407164,FR,66918020.0,10.563263109278209,18.018978846077932,,2321386.1138,,2321386.1138,2083157.9626
France,2018,0.29000000000000004,88.78999999999999,31.020000000000003,,27.79,38.11,24.01,1.96,,1.62,36.47,0.0,38.11,FR,41418.1766484844,FR,67158348.0,10.631475112939684,18.022563791896093,,2559404.64228,,2559404.64228,2083251.9549600002
France,2019,0.58,76.84,26.73,23.21,23.79,30.88,28.2,2.72,,1.24,29.63,0.0,30.88,FR,40408.2848574751,FR,67382061.0,10.606790113654695,18.025889383186374,,2080758.04368,1563937.63581,2080758.04368,1801122.49053
France,2020,0.35,79.87,27.89,24.26,24.6,30.62,27.64,2.9699999999999998,,0.51,29.560000000000002,0.0,30.09,FR,39169.8606000707,FR,67601110.0,10.575662867809294,18.02913496099673,,2069945.9882,1640002.9286000002,2034117.3999,1885394.9579
France,2021,0.42,90.86,32.42,27.89,28.29,36.31,31.89,4.43,,0.98,35.38,0.0,36.36,FR,43725.0999521245,FR,67842811.0,10.685677585810422,18.03270398432062,,2463372.4674100005,1892135.9987899999,2466764.60796,2199463.93262
France,2022,0.85,85.62,31.02,26.29,27.14,34.94,30.15,4.8,,0.98,33.48,,34.44,FR,41082.8119320747,FR,68065015.0,10.623345111847765,18.035973909306268,,2378191.6241,1789429.2443499998,2344159.1166,2111376.7653
France,2023,1.44,86.67,34.22,28.87,30.310000000000002,38.1,31.02,7.08,,1.22,36.99,0.0,38.21,FR,44690.9345395117,FR,68287487.0,10.707525953311263,18.0392371013145,,2601753.2547000004,1971459.74969,2609264.8782699998,2336797.80514
Germany,2012,0.27999999999999997,66.25999999999999,24.369999999999997,,21.509999999999998,25.759999999999998,15.44,1.72,,0.14,25.089999999999996,0.08,25.33,DE,44735.5882319701,DE,80425823.0,10.70852462115131,18.20284586417347,,2071769.2004799999,,2037186.09659,1959977.3065099998
Germany,2013,0.33,59.86,25.549999999999997,,22.44,27.08,15.31,2.75,,0.66,25.86,0.05,26.56,DE,47220.0102098851,DE,80645605.0,10.762573026858988,18.205574866320283,,2183882.9834000003,,2141947.2687999997,2060495.2077499998
Germany,2014,0.37,63.489999999999995,25.56,,22.57,26.78,15.2,2.66,,1.42,24.46,0.32,26.200000000000003,DE,48971.0824722599,DE,80982500.0,10.79898524925622,18.209743639911967,,2168711.35,,2121741.5000000005,2069912.7
Germany,2015,0.09,69.7,23.94,,21.02,26.509999999999998,15.25,2.41,,2.8499999999999996,23.43,0.09,26.369999999999997,DE,41911.0109851054,DE,81686611.0,10.643303863393747,18.21840066635147,,2165512.0576099996,,2154075.9320699996,1955577.4673400002
Germany,2016,0.28,74.28,29.119999999999997,,26.11,30.1,18.76,1.84,,0.77,29.3,0.0,30.1,DE,42961.0356905775,DE,82348669.0,10.668048837145813,18.22647285173721,,2478694.9369,,2478694.9369,2397993.2412799997
Germany,2017,0.64,79.3,31.08,,27.52,32.050000000000004,19.85,2.05,,0.31,31.759999999999998,0.0,32.050000000000004,DE,45526.5999576533,DE,82657002.0,10.726052048572503,18.230210097336165,,2649156.9141,,2649156.9141,2568979.62216
Germany,2018,0.36000000000000004,90.28999999999999,31.5,,27.69,32.39,19.990000000000002,2.11,,0.46,31.89,0.0,32.39,DE,48874.8595028454,DE,82905782.0,10.797018422661447,18.233215364356088,,2685318.27898,,2685318.27898,2611532.133
Germany,2019,0.23,79.14,25.919999999999998,22.61,22.86,26.64,23.5,3.15,,,26.64,,26.64,DE,47623.8656074829,DE,83092962.0,10.771089292879868,18.235470563098215,,2213596.50768,1878731.8708199998,2213596.50768,2153769.57504
Germany,2020,0.49,87.24,28.18,24.47,24.97,28.71,26.76,1.95,,,28.71,,28.71,DE,47379.765194548,DE,83160871.0,10.765950521907925,18.23628749468471,,2387548.60641,2034946.5133699998,2387548.60641,2343473.3447800004
Germany,2021,0.48000000000000004,95.38,27.3,23.66,24.14,27.91,25.66,2.26,,,27.91,,27.91,DE,52265.6541620571,DE,83196078.0,10.86409472614328,18.236710765257264,,2322002.53698,1968419.20548,2322002.53698,2271252.9294000003
Germany,2022,0.46,102.09,24.47,20.93,21.39,24.91,22.15,2.75,,,24.91,,24.91,DE,49686.1154582583,DE,83797985.0,10.813480806017424,18.243919519817155,,2087407.80635,1753891.82605,2087407.80635,2050536.6929499998
Germany,2023,0.53,102.07,24.49,20.66,21.2,24.94,22.55,2.4,,,24.94,,24.94,DE,53940.4073447462,DE,83901923.0,10.895635148477334,18.2451590913178,,2092513.95962,1733413.72918,2092513.95962,2054758.09427
Greece,2012,0.0,36.75,9.120000000000001,,9.120000000000001,10.120000000000001,6.52,0.23,,0.03,10.02,0.0,10.05,GR,21624.346052551,GR,11045011.0,9.98157509099837,16.217489390761617,,111775.51132,,111002.36055000001,100730.50032
Greece,2013,,34.11,6.33,,6.33,10.47,6.73,0.26,,0.03,10.57,0.0,10.6,GR,21573.3449762805,GR,10965211.0,9.979213802755735,16.210238182695036,,114805.75917,,116231.23659999999,69409.78563
Greece,2014,,38.4,10.5,,10.5,12.52,8.049999999999999,0.3,,0.03,11.93,0.0,11.96,GR,21474.7257123892,GR,10892413.0,9.97463197435595,16.203577049794717,,136373.01076,,130273.25948000001,114370.3365
Greece,2015,0.0,35.25,12.87,,12.87,14.31,9.56,0.21000000000000002,,0.06,14.35,0.0,14.41,GR,17980.7298238137,GR,10820883.0,9.797055898070218,16.196988436185933,,154846.83573000002,,155928.92403,139264.76420999996
Greece,2016,0.0,37.0,14.459999999999999,,13.44,15.650000000000002,10.37,0.31,,0.08,16.15,0.0,16.22,GR,17919.2426377048,GR,10775971.0,9.793630422114855,16.192829305903164,,168643.94615000003,,174786.24962,155820.54066
Greece,2017,0.0,38.26,13.61,,12.73,16.28,10.879999999999999,0.21,,0.06,16.55,0.0,16.619999999999997,GR,18631.9930129293,GR,10754679.0,9.832635436560311,16.190851473655563,,175086.17412,,178742.76497999995,146371.18119
Greece,2018,0.0,41.79,14.67,,13.63,16.94,11.28,0.24,,0.06,16.98,0.0,17.04,GR,19873.4015238771,GR,10732882.0,9.897137509816558,16.188822671272973,,181815.02108,,182888.30928,157451.37894
Greece,2019,0.05,37.559999999999995,13.110000000000001,11.69,11.73,14.89,13.92,0.97,,0.04,14.77,0.0,14.81,GR,19335.3602002969,GR,10721582.0,9.869690833311724,16.187769277345733,,159644.35598000002,125335.29358,158786.62942,140559.94002
Greece,2020,0.02,39.54,12.49,11.9,11.91,14.040000000000001,13.12,0.9299999999999999,,0.02,13.85,0.0,13.88,GR,17886.733165236,GR,10698599.0,9.791814553077758,16.185623356280015,,150208.32996,127313.32810000001,148496.55412000002,133625.50151
Greece,2021,0.02,51.85,12.96,12.13,12.18,14.88,13.9,0.98,,0.0,14.72,0.0,14.72,GR,20654.7001960815,GR,10569207.0,9.935698184890448,16.17345533138016,,157269.80015999998,128204.48091000001,155578.72704000003,136976.92272
Greece,2022,0.02,63.16,13.78,12.54,12.56,16.19,15.1,1.07,,0.0,14.48,0.0,14.48,GR,20971.8349258283,GR,10436882.0,9.95093562249171,16.160856436807453,,168973.11958,130878.50028,151126.05136,143820.23395999998
Greece,2023,0.04,67.38,17.71,15.860000000000001,15.91,19.21,17.79,1.4100000000000001,,0.0,18.740000000000002,0.0,18.740000000000002,GR,23400.7278817691,GR,10405588.0,10.060522406920517,16.157853527505818,,199891.34548000002,165032.62568,195000.71912000002,184282.96348
Hungary,2012,0.0,25.47,11.06,,10.91,13.370000000000001,8.57,0.33999999999999997,,6.779999999999999,5.85,0.05,12.690000000000001,HU,12950.1594488143,HU,9920362.0,9.468863379701636,16.110099970530726,,132635.23994,,125889.39378000001,109719.20372
Hungary,2013,,24.25,13.36,,13.23,15.100000000000001,9.7,0.39,,9.59,5.48,0.02,15.059999999999999,HU,13739.4620151401,HU,9872734.0,9.528027410362041,16.10528737406514,,149078.28340000001,,148683.37404,131899.72624
Hungary,2014,,28.310000000000002,14.030000000000001,,13.7,15.77,10.12,0.35,,7.38,8.27,0.06,15.75,HU,14352.501883174,HU,9833038.0,9.571679553250561,16.10125849829261,,155067.00926,,154870.3485,137957.52314
Hungary,2015,0.0,31.740000000000002,14.16,,13.26,15.9,10.52,0.07,,7.21,8.57,0.09,15.879999999999999,HU,12782.9412577973,HU,9797755.0,9.455866846819694,16.09766383576494,,155784.3045,,155588.34939999998,138736.2108
Hungary,2016,0.0,35.4,15.45,,15.08,17.96,11.76,0.18,,8.45,9.41,0.06,17.939999999999998,HU,13215.8605277789,HU,9759755.0,9.489172942419579,16.093777855615187,,175285.1998,,175090.0047,150788.21475
Hungary,2017,0.0,41.05,16.66,,16.36,19.41,12.78,0.14,,8.11,11.18,0.09,19.41,HU,14736.1668157258,HU,9726756.0,9.598060078716424,16.090390996721485,,188796.33396000002,,188796.33396000002,162047.75496000002
Hungary,2018,0.0,97.06,24.98,,24.79,29.740000000000002,27.8,1.95,,0.8,28.37,0.0,29.14,HU,16605.0570511887,HU,9706964.0,9.717462569588667,16.088354124023635,,288685.10936,,282860.93095999997,242479.96072
Hungary,2019,0.0,49.29,14.64,14.39,14.39,17.2,14.94,2.28,24.45,0.46,16.66,0.0,17.11,HU,17012.8598553199,HU,9694824.0,9.741724799142766,16.087102692806642,237038.44679999998,166750.9728,139508.51736000003,165878.43863999998,141932.22336
Hungary,2020,0.0,50.22,15.89,19.03,15.07,18.39,15.629999999999999,2.76,25.57,0.19,18.03,0.0,18.209999999999997,HU,16386.9308821258,HU,9670419.0,9.704239398689388,16.08458219637701,247272.61383000002,177839.00540999998,184028.07357000004,176098.32998999997,153662.95791
Hungary,2021,0.0,68.38,19.0,17.89,17.89,22.24,19.85,2.39,33.64,0.61,21.599999999999998,0.0,22.22,HU,19030.628130329,HU,9630932.0,9.853804967119558,16.080490559984383,323984.55248,214191.92767999996,172297.37348,213999.30904,182987.708
Hungary,2022,0.0,85.93,21.13,19.990000000000002,19.990000000000002,24.89,22.31,2.59,34.39,0.18,24.65,0.0,24.849999999999998,HU,18483.6366867035,HU,9605074.0,9.824641116241017,16.077802058475783,330318.49486000004,239070.29186000003,192005.42926000003,238686.08889999997,202955.21362
Hungary,2023,0.0,68.16,17.560000000000002,16.79,16.79,20.71,15.84,4.87,38.24,0.09,20.580000000000002,0.0,20.67,HU,22312.1790289763,HU,9592186.0,10.012887953162561,16.07645936666078,366805.19264,198654.17206,161052.80294,198270.48462,168438.78616000002
Iceland,2012,0.0,72.34,21.27,,18.05,23.89,13.28,2.89,,24.759999999999998,0.28,0.0,25.04,IS,45995.5478789467,IS,320716.0,10.736299885546948,12.678311275300475,,7661.90524,,8030.728639999999,6821.62932
Iceland,2013,0.0,76.76,17.82,,15.27,23.66,10.42,5.62,,20.86,1.26,0.0,22.15,IS,49804.9829978371,IS,323764.0,10.815870318204588,12.687770134304166,,7660.256240000001,,7171.3726,5769.474480000001
Iceland,2014,0.0,86.46000000000001,26.58,,24.47,32.75,13.85,8.39,,29.14,2.42,0.0,31.56,IS,54576.7448146565,IS,327386.0,10.907363151858188,12.698895181856445,,10721.8915,,10332.30216,8701.91988
Iceland,2015,0.0,98.28999999999999,34.11,,33.83,37.07,19.47,5.93,,33.83,0.30000000000000004,0.0,34.11,IS,52951.6815110898,IS,330815.0,10.8771351071087,12.709314585722742,,12263.31205,,11284.09965,11284.09965
Iceland,2016,0.0,122.88999999999999,37.870000000000005,,34.75,40.85,20.79,7.0,,37.44,0.44999999999999996,0.0,37.870000000000005,IS,61987.9263620283,IS,335439.0,11.034694908967376,12.723195400681126,,13702.68315,,12703.07493,12703.07493
Iceland,2017,0.0,134.94,44.35,,44.019999999999996,48.95,25.93,7.37,,44.019999999999996,0.33,0.0,44.35,IS,72010.1490316258,IS,343400.0,11.18456234683702,12.746651227445513,,16809.43,,15229.79,15229.79
Iceland,2018,0.0,131.47,43.75,,43.41,42.85,23.07,5.89,,43.41,0.36,0.0,43.75,IS,74452.1890731447,IS,352721.0,11.217912440945767,12.773432655137803,,15114.09485,,15431.54375,15431.54375
Iceland,2019,0.0,91.93,33.81,33.6,33.6,33.88,27.48,6.37,,33.6,0.22,0.0,33.81,IS,68452.23622306,IS,360563.0,11.133891499621383,12.79542197772042,,12215.874440000001,12114.9168,12190.635030000001,12190.635030000001
Iceland,2020,0.0,83.96,18.78,32.29,32.29,35.34,30.5,4.83,35.34,26.12,6.89,0.0,33.01,IS,59023.5663465778,IS,366463.0,10.985692072740102,12.81165284023301,12950.802420000002,12950.802420000002,11833.090269999999,12096.94363,6882.17514
Ireland,2012,0.15,55.41,22.84,,22.419999999999998,26.86,15.02,2.88,,11.08,15.129999999999999,0.03,26.28,IE,49411.7387476787,IE,4599533.0,10.807943301418545,15.341465334566513,,123543.45637999999,,120875.72724000001,105053.33372
Ireland,2013,0.22999999999999998,55.18,24.009999999999998,,23.03,27.67,14.38,4.06,,9.23,17.98,0.03,27.259999999999998,IE,52619.2123745817,IE,4623816.0,10.870836586306313,15.34673089615507,,127940.98872000001,,126045.22416,111017.82216
Ireland,2014,0.16999999999999998,40.06,24.92,,24.22,28.93,16.0,3.27,,11.719999999999999,16.35,0.03,28.099999999999998,IE,57278.2590911107,IE,4657740.0,10.955676408210199,15.354040909920927,,134748.4182,,130882.49399999999,116070.88080000001
Ireland,2015,0.27,55.120000000000005,29.09,,25.79,31.02,16.95,3.73,,11.01,20.0,0.03,31.02,IE,64311.8234684057,IE,4701957.0,11.071498773079377,15.363489362995674,,145854.70614,,145854.70614,136779.92913
Ireland,2016,0.0,60.84,31.22,,27.57,32.36,18.8,2.79,,10.5,21.85,0.0,32.36,IE,64192.9418053178,IE,4762722.0,11.069648542906991,15.376329911503914,,154121.68391999998,,154121.68391999998,148692.18084000002
Ireland,2017,0.4,67.6,29.6,,27.33,32.61,19.18,2.54,,10.0,22.59,0.0,32.61,IE,72198.1076995377,IE,4827445.0,11.187169115389775,15.389827900159315,,157422.98145,,157422.98145,142892.372
Ireland,2018,0.0,62.36,34.28,,32.0,38.57,21.53,4.24,,10.6,27.979999999999997,0.0,38.59,IE,80738.9628834696,IE,4898022.0,11.298976549185339,15.4043420081134,,188916.70854,,189014.66898000002,167904.19415999998
Ireland,2019,0.24,56.050000000000004,30.19,27.63,27.86,32.61,28.59,4.02,,5.64,26.96,0.0,32.61,IE,81810.1926481407,IE,4976456.0,11.31215711932884,15.420228549073858,,162282.23016,137499.47928,162282.23016,150239.20664000002
Ireland,2020,0.13,60.8,30.08,27.88,28.03,32.92,29.34,3.55,,0.56,23.63,8.72,32.92,IE,86622.5067251295,IE,5039747.0,11.369314953684096,15.43286644037487,,165908.47124,140508.14635999998,165908.47124,151595.58976
Ireland,2021,0.18,73.98,32.99,29.62,29.790000000000003,35.46,30.37,5.09,,0.65,22.96,11.77,35.37,IE,103961.976350649,IE,5110585.0,11.551780499258152,15.446824437036392,,181221.3441,151375.5277,180761.39145,168598.19915
Ireland,2022,0.17,80.69,29.91,26.419999999999998,26.61,32.07,28.19,3.89,,0.6,20.580000000000002,10.88,32.07,IE,105234.511567597,IE,5212836.0,11.563946582213111,15.466634603443364,,167175.65052000002,137723.12712000002,167175.65052000002,155915.92476
Ireland,2023,0.26,74.64,28.26,25.0,25.25,30.189999999999998,25.150000000000002,5.04,,0.8,19.330000000000002,10.04,30.189999999999998,IE,103887.800388081,IE,5307600.0,11.551066753331831,15.48465031364442,,160236.444,132690.0,160236.444,149992.776
Italy,2012,,44.82,13.42,,13.29,20.479999999999997,7.37,4.66,,0.9299999999999999,20.41,1.87,23.21,IT,34854.3949441965,IT,60191247.0,10.458934518544364,17.91303750103654,,1232716.7385599997,,1397038.84287,807766.53474
Italy,2013,,42.16,12.93,,12.76,18.23,6.930000000000001,4.04,,0.8,18.43,1.92,21.16,IT,35701.6746002376,IT,60311613.0,10.482952874237286,17.915035230219583,,1099480.70499,,1276193.7310799998,779829.1560900001
Italy,2014,,43.730000000000004,13.240000000000002,,12.79,15.559999999999999,7.03,3.3,,0.15000000000000002,15.32,0.7,16.18,IT,36028.3494022349,IT,60320707.0,10.492061390931296,17.915186002417567,,938590.20092,,975989.03926,798646.1606800001
Italy,2015,0.0,45.19,15.059999999999999,,14.61,17.08,8.16,3.2,,0.09,17.380000000000003,0.52,17.990000000000002,IT,30639.8829751432,IT,60229605.0,10.330057804498121,17.913674566804808,,1028721.6533999998,,1083530.5939500001,907057.8513
Italy,2016,,51.55,15.94,,15.43,17.92,8.54,3.38,,0.05,18.17,0.5,18.740000000000002,IT,31391.5692898108,IT,60115223.0,10.35429464189032,17.91177366194095,,1077264.7961600001,,1126559.2790200002,958236.65462
Italy,2017,0.0,52.379999999999995,17.46,,16.88,18.98,9.08,3.54,,0.03,19.189999999999998,0.5,19.73,IT,32844.115660604,IT,60002252.0,10.399527880336423,17.90989265281535,,1138842.74296,,1183844.43196,1047639.31992
Italy,2018,0.0,49.260000000000005,19.55,,18.759999999999998,22.189999999999998,10.52,4.62,,0.06,22.59,0.14,22.79,IT,34904.1081923834,IT,60148658.0,10.460359814511666,17.912329689246626,,1334698.72102,,1370787.91582,1175906.2639000001
Italy,2019,0.5700000000000001,59.3,15.459999999999999,14.379999999999999,14.97,18.13,12.3,5.8,,0.04,17.66,0.17,17.87,IT,33812.788724868,IT,59729081.0,10.428594374550325,17.905329578686892,,1082888.23853,858904.18478,1067358.67747,923411.59226
Italy,2020,0.5,64.61,16.97,15.86,16.35,18.81,13.67,5.17,,0.04,18.47,0.19,18.69,IT,32091.4866621366,IT,59438851.0,10.376346060925364,17.900458627769716,,1118044.78731,942700.17686,1110912.12519,1008677.30147
Italy,2021,0.4,74.74,18.08,16.91,17.32,19.79,14.870000000000001,4.91,,0.18,19.58,0.02,19.77,IT,36852.5425414951,IT,59133173.0,10.514679892292794,17.89530262778127,,1170245.4936699998,999941.9554300001,1169062.83021,1069127.7678399999
Italy,2022,0.27,82.22,18.56,17.240000000000002,17.509999999999998,20.88,14.51,6.4,,0.26,20.419999999999998,0.1,20.79,IT,35653.9042103495,IT,59013667.0,10.481613934862926,17.893279619112445,,1232205.36696,1017395.6190800002,1226894.13693,1095293.65952
Italy,2023,0.33,85.53,18.66,16.46,16.79,19.970000000000002,14.020000000000001,5.970000000000001,,0.14,20.04,0.02,20.169999999999998,IT,39065.4244365633,IT,58993475.0,10.57299306925249,17.892937402533775,,1178099.6957500002,971032.5985,1189898.39075,1100818.2435
Latvia,2012,0.04,24.799999999999997,5.79,,5.79,6.93,3.76,0.85,,0.06,6.5200000000000005,0.0,6.5600000000000005,LV,13329.3499931271,LV,2034319.0,9.49772364927767,14.52567167711848,,14097.83067,,13345.13264,11778.70701
Latvia,2013,0.06,26.59,6.51,,6.51,7.199999999999999,4.74,0.06,,0.0,7.08,0.0,7.08,LV,14484.4715282132,LV,2012647.0,9.580832425465623,14.51496132908557,,14491.058399999998,,14249.54076,13102.33197
Latvia,2014,0.06,27.619999999999997,6.68,,6.68,7.4,4.8500000000000005,0.06,,0.12,7.28,0.0,7.4,LV,15185.814581236,LV,1993782.0,9.62811701984983,14.505543895543228,,14753.9868,,14753.9868,13318.46376
Latvia,2015,0.0,29.04,6.1,,6.1,7.43,4.45,0.5,,0.0,7.3100000000000005,0.0,7.3100000000000005,LV,13321.9753140616,LV,1977527.0,9.49717022995096,14.49735763213377,,14693.025609999999,,14455.722370000001,12062.9147
Latvia,2016,0.0,28.68,6.58,,6.58,7.4,4.930000000000001,0.0,,0.24,7.16,0.0,7.4,LV,13838.5266823272,LV,1959537.0,9.535211769916,14.488218778811504,,14500.5738,,14500.5738,12893.753460000002
Latvia,2017,0.0,35.55,11.65,,11.65,14.43,9.53,0.08,,0.30000000000000004,13.98,0.0,14.299999999999999,LV,15132.4958333982,LV,1942248.0,9.624599752424531,14.47935662307858,,28026.63864,,27774.146399999998,22627.1892
Latvia,2018,0.0,37.769999999999996,12.73,,12.73,15.64,10.290000000000001,0.12,,0.0,14.57,0.0,14.57,LV,17252.1710428626,LV,1927174.0,9.75569327209736,14.471565239116659,,30141.00136,,28078.92518,24532.92502
Latvia,2019,,35.64,12.4,12.11,12.11,14.49,13.17,1.34,,0.6,13.31,0.0,13.91,LV,17294.9751600969,LV,1913822.0,9.758171285122588,14.464612847715298,,27731.28078,23176.38442,26621.26402,23731.3928
Latvia,2020,,36.4,12.6,12.44,12.44,14.82,13.87,0.93,,0.0,14.82,0.0,14.82,LV,17564.2321549354,LV,1900449.0,9.773619849251702,14.457600732007965,,28164.65418,23641.58556,28164.65418,23945.6574
Latvia,2021,,39.34,17.92,17.71,17.71,21.04,20.39,0.65,,0.0,21.04,0.0,21.04,LV,20261.8887788916,LV,1884490.0,9.91649700045097,14.449167785227914,,39649.6696,33374.3179,39649.6696,33770.06080000001
Latvia,2022,,42.75,22.25,21.98,21.98,26.38,26.14,0.24,,0.0,26.38,0.0,26.38,LV,20227.2307431581,LV,1879383.0,9.914785032168757,14.446454089450157,,49578.12354,41308.83834,49578.12354,41816.27175
Latvia,2023,,53.839999999999996,21.72,20.25,20.25,25.860000000000003,25.150000000000002,0.69,,0.0,25.46,0.0,25.46,LV,22675.5786295407,LV,1877445.0,10.02904379304984,14.44542236791704,,48550.7277,38018.26125,47799.7497,40778.1054
Liechtenstein,2012,0.0,11.43,8.57,,8.57,11.43,7.62,0.0,,0.0,0.0,11.43,11.43,LI,148842.035144342,LI,36657.0,11.910640855736752,10.509359684984632,,418.98951,,418.98951,314.15049
Liechtenstein,2013,,23.54,17.66,,17.66,23.54,15.69,0.0,,0.0,0.0,23.54,23.54,LI,172823.607794648,LI,36984.0,12.060026745202533,10.518240665668062,,870.60336,,870.60336,653.1374400000001
Liechtenstein,2014,,24.79,18.59,,18.59,24.79,16.52,0.0,,0.0,0.0,24.79,24.79,LI,178735.153020908,LI,37248.0,12.093660397083687,10.52535353109111,,923.3779199999999,,923.3779199999999,692.4403199999999
Liechtenstein,2015,0.0,34.26,25.02,,25.02,34.26,22.84,0.0,,0.0,0.0,34.26,34.26,LI,167187.15730982,LI,37494.0,12.026869166334706,10.531936199157137,,1284.54444,,1284.54444,938.09988
Liechtenstein,2016,0.0,43.22,31.53,,31.53,43.22,29.31,0.0,,0.0,0.0,43.22,43.22,LI,165375.491396259,LI,37716.0,12.015973872818792,10.537839686585567,,1630.08552,,1630.08552,1189.1854799999999
Liechtenstein,2017,0.0,38.4,28.02,,28.02,38.4,26.03,0.0,,0.0,0.0,38.4,38.4,LI,170547.092298954,LI,37962.0,12.046766738736073,10.544340938374939,,1457.7408,,1457.7408,1063.69524
Liechtenstein,2018,0.0,48.16,35.150000000000006,,35.150000000000006,48.16,32.9,0.0,,0.0,0.0,48.16,48.16,LI,174988.775083446,LI,38246.0,12.072477108468131,10.55179425862292,,1841.92736,,1841.92736,1344.3469000000002
Liechtenstein,2019,,,20.77,20.77,20.77,28.44,28.44,0.0,,0.0,0.0,28.44,28.44,LI,166907.839305016,LI,38563.0,12.025197078618863,10.56004854652803,,1096.73172,800.95351,1096.73172,800.95351
Liechtenstein,2020,,,30.66,30.66,30.66,42.01,42.01,0.0,,0.0,0.0,42.01,42.01,LI,164671.093553454,LI,38901.0,12.011705391068443,10.568775236216993,,1634.23101,1192.7046599999999,1634.23101,1192.7046599999999
Liechtenstein,2021,,,27.84,27.84,27.84,38.150000000000006,38.150000000000006,0.0,,0.0,0.0,38.150000000000006,38.150000000000006,LI,201944.830335076,LI,39182.0,12.215749821926972,10.575972736647978,,1494.7933000000003,1090.8268799999998,1494.7933000000003,1090.8268799999998
Liechtenstein,2022,,,26.02,26.02,26.02,35.63,35.63,0.0,,0.0,0.0,35.63,35.63,LI,186821.881757157,LI,39493.0,12.13791093794413,10.583878719994873,,1407.13559,1027.60786,1407.13559,1027.60786
Liechtenstein,2023,,,36.12,36.12,36.12,49.49,49.49,0.0,,0.0,0.0,49.49,49.49,LI,207973.617746758,LI,39850.0,12.245166512882896,10.592877684218362,,1972.1765,1439.382,1972.1765,1439.382
Lithuania,2012,0.0,28.44,11.17,,9.84,14.309999999999999,8.96,0.59,,0.42000000000000004,13.379999999999999,0.15000000000000002,13.950000000000001,LT,14288.1853493139,LT,2989139.0,9.567188275408533,14.910495944032245,,42774.57909,,41698.489050000004,33388.682629999996
Lithuania,2013,,27.910000000000004,12.5,,11.38,16.37,10.41,0.51,,0.42000000000000004,15.57,0.18,16.15,LT,15636.5252586048,LT,2961250.0,9.65736481924992,14.901122034455133,,48475.6625,,47824.18749999999,37015.625
Lithuania,2014,,32.21,18.52,,17.18,22.68,14.32,0.7999999999999999,,0.66,20.73,0.28,21.67,LT,16446.1647181663,LT,2937253.0,9.707847581178502,14.892985348792818,,66616.89804,,63650.27251,54397.92556
Lithuania,2015,0.0,32.05,14.59,,13.53,16.78,10.69,0.53,,1.1800000000000002,15.23,0.06,16.46,LT,14269.8039878287,LT,2911109.0,9.565900974414994,14.884044666204003,,48848.40902000001,,47916.85414,42473.080310000005
Lithuania,2016,0.0,33.53,11.93,,11.21,13.620000000000001,8.44,0.64,,0.6900000000000001,11.8,0.0,12.48,LT,14934.2702840428,LT,2877325.0,9.611413870001764,14.872371601047618,,39189.1665,,35909.016,34326.48725
Lithuania,2017,0.0,35.57,12.41,,11.55,14.07,8.68,0.71,,1.05,12.84,0.0,13.9,LT,16800.1510246099,LT,2842639.0,9.729143154911057,14.860243404026887,,39995.93073000001,,39512.6821,35277.149990000005
Lithuania,2018,0.0,50.629999999999995,17.8,,16.55,20.24,17.94,2.31,,1.17,18.91,0.0,20.08,LT,19247.2315367967,LT,2819200.0,9.865122513103078,14.851963714723997,,57060.60799999999,,56609.53599999999,50181.76
Lithuania,2019,0.0,28.1,10.18,9.47,9.47,11.45,10.69,0.78,,0.56,10.46,0.04,11.07,LT,19608.7943945553,LT,2811089.0,9.883733438185496,14.849082510717947,,32186.969049999996,26621.012830000003,31118.75523,28616.886019999998
Lithuania,2020,0.05,29.89,10.26,9.58,9.63,11.75,,,,0.64,10.78,0.08,11.49,LT,20428.6478157394,LT,2810369.0,9.924693499411738,14.84882634941462,,33021.83575,26923.33502,32291.13981,28834.385939999996
Lithuania,2021,0.03,36.19,12.37,11.81,11.86,14.06,,,,0.52,13.89,0.16,14.57,LT,23870.4594851722,LT,2808380.0,10.08039696863115,14.848118362607208,,39485.8228,33166.9678,40918.096600000004,34739.6606
Lithuania,2022,0.08,47.52,13.370000000000001,12.4,12.5,15.27,,,,0.04,15.35,0.04,15.43,LT,25085.784063499,LT,2831639.0,10.130056592698534,14.85636625391912,,43239.12753,35112.3236,43692.18977,37859.01343
Lithuania,2023,0.09,51.489999999999995,15.91,14.790000000000001,14.870000000000001,18.33,,,,0.15000000000000002,17.22,0.26,17.64,LT,27786.0057829276,LT,2871585.0,10.232287783832573,14.87037470010208,,52636.15304999999,42470.742150000005,50654.759399999995,45686.91735
Luxembourg,2012,0.0,69.97999999999999,26.349999999999998,,24.56,28.31,18.740000000000002,0.11,,28.31,0.0,0.0,28.31,LU,112584.676270958,LU,530946.0,11.631460895470681,13.182415600137544,,15031.081259999999,,15031.081259999999,13990.427099999999
Luxembourg,2013,,65.03999999999999,26.740000000000002,,25.02,28.58,18.93,0.12,,28.58,0.0,0.0,28.58,LU,120000.140729859,LU,543360.0,11.69524819451232,13.205527362665064,,15529.228799999999,,15529.228799999999,14529.4464
Luxembourg,2014,0.0,65.05,27.82,,26.19,29.77,19.69,0.16,,29.77,0.0,0.0,29.77,LU,123678.702143275,LU,556319.0,11.725442370099268,13.22909714971347,,16561.61663,,16561.61663,15476.79458
Luxembourg,2015,0.0,61.97,28.849999999999998,,27.0,31.07,20.43,0.28,,31.07,0.0,0.0,31.07,LU,105462.012584423,LU,569604.0,11.566106096767557,13.252696661527155,,17697.59628,,17697.59628,16433.075399999998
Luxembourg,2016,0.0,61.010000000000005,29.870000000000005,,27.900000000000002,31.92,20.92,0.36,,31.92,0.0,0.0,31.92,LU,106899.293549552,LU,582014.0,11.57964248847448,13.274249781407077,,18577.886880000002,,18577.886880000002,17384.758180000004
Luxembourg,2017,0.0,64.15,29.099999999999998,,27.200000000000003,30.509999999999998,20.34,0.0,,29.61,0.0,0.8999999999999999,30.509999999999998,LU,110193.213797228,LU,596336.0,11.609990593017372,13.298559545584688,,18194.21136,,18194.21136,17353.377599999996
Luxembourg,2018,0.0,65.5,30.29,,27.99,29.93,21.83,0.0,,30.97,0.0,0.8400000000000001,31.810000000000002,LU,116926.759593905,LU,607950.0,11.669303031391737,13.317847920724564,,18195.9435,,19338.8895,18414.8055
Luxembourg,2019,0.16,49.900000000000006,22.12,20.31,20.48,23.05,,,32.83,22.43,0.0,0.62,23.05,LU,112696.649059674,LU,620001.0,11.632454966308753,13.3374763699232,20354.63283,14291.023050000002,12592.220309999999,14291.023050000002,13714.422120000001
Luxembourg,2020,0.19,49.76,22.97,21.01,21.22,24.09,,,33.04,23.45,0.0,0.64,24.09,LU,116860.02817236,LU,630419.0,11.66873215718627,13.354139956665527,20829.043759999997,15186.79371,13245.103190000002,15186.79371,14480.72443
Luxembourg,2021,0.19999999999999998,48.78,23.86,21.92,22.12,24.84,,,32.68,24.14,0.0,0.7,24.830000000000002,LU,134965.815442152,LU,640064.0,11.812776806408214,13.369323450336188,20917.29152,15899.18976,14030.20288,15892.789120000001,15271.927039999999
Luxembourg,2022,0.33999999999999997,51.93,19.88,17.75,18.07,21.23,,,33.34,20.14,0.0,0.54,20.68,LU,123719.658915996,LU,653103.0,11.72577346989249,13.38949012935746,21774.454020000005,13865.37669,11592.57825,13506.170039999999,12983.687639999998
Luxembourg,2023,0.0,49.01,19.97,18.5,18.5,21.09,,,33.24,20.47,0.0,0.6,21.080000000000002,LU,131407.681364513,LU,666430.0,11.786059841197059,13.409690386828693,22152.133200000004,14055.008699999998,12328.955,14048.3444,13308.6071
Malta,2012,0.0,96.53,8.06,,7.699999999999999,10.77,5.7,1.46,,5.99,2.07,0.33,8.39,MT,22878.3131257656,MT,420028.0,10.03794471575503,12.948076654704094,,4523.7015599999995,,3524.0349200000005,3385.4256800000003
Malta,2013,,102.69,12.03,,11.7,12.0,5.6899999999999995,2.31,,9.21,3.55,0.21000000000000002,12.99,MT,25415.5566806942,MT,424810.0,10.143116733268673,12.959397289122435,,5097.72,,5518.2819,5110.4643
Malta,2014,,118.41999999999999,13.14,,12.370000000000001,11.58,5.76,1.96,,9.06,3.58,0.21000000000000002,12.84,MT,27424.5765369278,MT,433481.0,10.219194844255863,12.979603244945778,,5019.7099800000005,,5565.89604,5695.94034
Malta,2015,0.0,89.18,8.71,,8.71,13.39,7.609999999999999,1.33,,7.050000000000001,1.62,0.09,8.78,MT,25529.6813131565,MT,444220.0,10.147597027320035,13.0040752141925,,5948.105799999999,,3900.2515999999996,3869.1562000000004
Malta,2016,0.0,67.49000000000001,16.65,,16.65,16.13,9.12,1.62,,9.78,7.28,0.0,17.07,MT,26459.0772054811,MT,454505.0,10.183354561984498,13.02696419363927,,7331.165649999999,,7758.400350000001,7567.508249999999
Malta,2017,0.0,71.77,13.66,,13.66,18.95,10.52,2.1,,5.46,8.26,0.63,14.34,MT,30317.2443357939,MT,467106.0,10.319471949603294,13.054311491622858,,8851.6587,,6698.30004,6380.66796
Malta,2018,,64.24,14.46,,14.46,19.64,11.450000000000001,1.64,,7.3100000000000005,12.29,0.0,19.59,MT,33382.2677502638,MT,483903.0,10.415780132303746,13.089639752390214,,9503.85492,,9479.65977,6997.2373800000005
Malta,2019,0.0,46.3,10.18,10.09,10.09,16.849999999999998,11.92,4.93,,4.82,5.33,0.77,10.92,MT,32421.9179753188,MT,503912.0,10.386589953790194,13.130156928633994,,8490.9172,5084.4720800000005,5502.71904,5129.82416
Malta,2020,0.0,48.79,8.09,8.03,8.03,13.78,12.5,1.3,,2.86,4.36,0.38,7.61,MT,31833.596382464,MT,515490.0,10.368277501090047,13.1528731836089,,7103.452199999999,4139.3847,3922.8789,4170.3141000000005
Malta,2021,0.0,48.83,10.65,10.37,10.37,12.18,10.790000000000001,1.3800000000000001,,1.27,9.58,0.0,10.82,MT,38065.354346575,MT,518150.0,10.547059812683587,13.158020054612363,,6311.067,5373.2155,5606.383,5518.2975
Malta,2022,0.0,52.24,9.6,9.47,9.47,12.629999999999999,10.0,2.65,,3.88,5.12,0.85,9.85,MT,36224.2819955817,MT,531113.0,10.497484946304574,13.182730083610451,,6707.957189999999,5029.64011,5231.463049999999,5098.6848
Malta,2023,0.0,48.31,9.61,9.38,9.38,13.09,10.64,2.43,,2.12,7.69,0.0,9.81,MT,40182.4313854634,MT,552747.0,10.601185148869224,13.222655671296552,,7235.458229999999,5184.766860000001,5422.44807,5311.89867
Netherlands,2012,0.06,58.14,21.13,,18.37,22.13,13.93,0.81,,3.4899999999999998,17.72,0.0,21.22,NL,50473.9442002689,NL,16754962.0,10.829212525681811,16.634205011171268,,370787.30906,,355540.29364,354032.34706
Netherlands,2013,0.12,54.64,20.06,,17.439999999999998,20.98,13.1,0.87,,5.88,14.36,0.0,20.240000000000002,NL,52602.2860520766,NL,16804432.0,10.870514858847491,16.637153219105684,,352556.98336,,340121.70368000004,337096.90591999993
Netherlands,2014,0.0,56.92999999999999,24.369999999999997,,20.78,25.21,15.9,0.91,,5.91,18.43,0.03,24.369999999999997,NL,53457.2234864322,NL,16865008.0,10.886637052063445,16.64075150083295,,425166.85168,,411000.24496,411000.24496
Netherlands,2015,0.0,63.63,26.14,,22.380000000000003,27.270000000000003,17.19,1.52,,6.13,19.98,0.0,26.14,NL,45793.8135434697,NL,16939923.0,10.73190428550867,16.645183701723305,,461951.70021000004,,442809.58722000004,442809.58722000004
Netherlands,2016,0.0,68.78,27.53,,23.189999999999998,28.72,18.02,1.62,,4.63,22.89,0.0,27.53,NL,46808.5291492503,NL,17030314.0,10.753820712079664,16.650505490519393,,489110.61808,,468844.54442,468844.54442
Netherlands,2017,0.0,78.19,29.130000000000003,,25.46,31.28,19.08,2.24,,3.41,25.72,0.0,29.130000000000003,NL,49513.6817346384,NL,17131296.0,10.810004309045267,16.656417524181034,,535866.93888,,499034.65248000005,499034.65248000005
Netherlands,2018,0.0,92.6,30.07,,25.29,33.379999999999995,20.060000000000002,2.63,,3.5300000000000002,26.560000000000002,0.0,30.07,NL,53955.0770024266,NL,17231624.0,10.895907071956978,16.66225685827024,,575191.6091199999,,518154.93368,518154.93368
Netherlands,2019,0.0,96.11,22.23,19.04,19.04,27.57,,,,2.51,19.68,0.04,22.23,NL,53554.9007491475,NL,17344874.0,10.888462588946103,16.66880757401829,,478198.17618,330246.40096,385576.54902,385576.54902
Netherlands,2020,0.0,111.39999999999999,26.66,22.23,22.23,30.73,29.16,1.58,,2.92,23.709999999999997,0.04,26.66,NL,53467.9277413737,NL,17441500.0,10.886837271653585,16.674362981920844,,535977.295,387724.545,464990.39,464990.39
Netherlands,2021,0.0,114.28,25.33,20.39,20.39,28.849999999999998,27.3,1.53,,2.8899999999999997,22.45,0.0,25.33,NL,60141.9880911492,NL,17533044.0,11.004463513713938,16.67959788700253,,505828.3194,357498.76716000005,444112.00451999996,444112.00451999996
Netherlands,2022,0.0,125.18,24.61,19.99,19.99,27.53,25.86,1.67,50.22,2.8200000000000003,21.67,0.13,24.61,NL,59123.318556487,NL,17700982.0,10.987380686598927,16.689130676231077,888943.31604,487308.03446000005,353842.6301799999,435621.16702,435621.16702
Netherlands,2023,0.0,121.66,28.91,23.76,23.76,29.439999999999998,26.77,2.68,50.67,3.1,25.77,0.02,28.91,NL,64572.0059558854,NL,17877117.0,11.075536251513762,16.699032073098078,905833.51839,526302.32448,424760.29992,516827.45247,516827.45247
Norway,2012,0.32,111.22999999999999,58.73,,49.45,62.7,30.13,11.69,,24.349999999999998,31.82,6.029999999999999,62.209999999999994,NO,102175.919298374,NO,5018573.0,11.534451305684629,15.428656188309334,,314664.5271,,312205.42633,294740.79228999995
Norway,2013,,106.64999999999999,57.989999999999995,,50.019999999999996,61.980000000000004,28.39,12.92,,23.59,33.61,4.1,61.29,NO,103553.840134417,NO,5079623.0,11.547846950968717,15.440747604202349,,314835.03354000003,,311330.09367000003,294567.33777
Norway,2014,0.42,106.41,58.83,,50.120000000000005,62.61,29.84,11.91,,34.55,23.07,3.93,61.55,NO,97666.6951838749,NO,5137232.0,11.489315891316119,15.452024970975842,,321642.09552,,316196.6296,302223.35856
Norway,2015,0.87,102.61,56.42,,50.31,61.06,28.29,12.42,,35.480000000000004,19.72,2.35,57.55,NO,74809.9658049898,NO,5188607.0,11.222706387774911,15.461975818345426,,316816.34342,,298604.33284999995,292741.20694
Norway,2016,0.62,104.73,56.15,,50.209999999999994,58.78,27.25,11.95,,33.21,21.65,3.09,57.97,NO,70867.3609970749,NO,5234519.0,11.16856525387484,15.470785516499024,,307685.02681999997,,303445.06643,293918.24185
Norway,2017,0.59,105.5,50.79,,48.41,56.19,24.57,12.89,,33.599999999999994,17.060000000000002,3.0700000000000003,53.739999999999995,NO,76131.8384032764,NO,5276968.0,11.24022183221934,15.478862248317874,,296512.83192,,283584.26032,268017.20472
Norway,2018,0.43,108.03,51.790000000000006,,44.339999999999996,54.5,22.67,13.69,,35.32,16.56,1.7399999999999998,53.61,NO,82792.8427113304,NO,5311916.0,11.324096895952724,15.485463156760364,,289499.422,,284771.81676,275104.12964000006
Norway,2019,0.5,77.96,37.83,32.06,32.54,38.93,,,,0.67,37.64,0.0,38.339999999999996,NO,76430.5889473338,NO,5347896.0,11.244138273916175,15.492213770492821,,208193.59128,171453.54576,205038.33263999998,202310.90567999997
Norway,2020,0.96,82.81,40.65,34.44,35.42,39.0,,,,24.72,16.55,1.0,42.29,NO,68340.0181033702,NO,5379475.0,11.132250790570772,15.498101343733252,,209799.525,185269.119,227497.99775,218675.65875
Norway,2021,0.88,87.74,38.19,32.54,33.42,39.93,,,,29.17,9.27,2.14,40.629999999999995,NO,93072.8925119571,NO,5408320.0,11.441138255583216,15.503449066552001,,215954.2176,175986.73279999997,219740.04159999997,206543.74079999997
Norway,2022,0.94,98.95,42.58,37.48,38.42,46.03,,,,33.4,10.87,1.52,45.81,NO,109269.520580298,NO,5457127.0,11.60157277507734,15.512433018758106,,251191.55581,204533.11995999998,249990.98787,232364.46766
Norway,2023,1.6,96.78,45.07,37.29,38.88,47.349999999999994,,,,24.27,11.97,8.94,45.21,NO,87497.3289297342,NO,5519594.0,11.37936354536244,15.523814864823652,,261352.77589999998,205825.66026,249540.84474,248768.10158000002
Poland,2012,0.04,37.900000000000006,10.61,,10.53,13.84,8.7,0.55,,0.0,12.59,0.0,12.59,PL,13087.420943321,PL,38063164.0,9.4794068145356,17.454757548274017,,526794.18976,,479215.23475999996,403850.17003999994
Poland,2013,0.06,38.349999999999994,10.31,,10.21,13.54,8.59,0.42,,0.0,12.620000000000001,0.0,12.620000000000001,PL,13621.9023794031,PL,38040196.0,9.519434245383213,17.454153948099272,,515064.25383999996,,480067.27352000005,392194.42076
Poland,2014,0.03,40.95,10.14,,10.05,13.64,8.56,0.52,,0.0,12.809999999999999,0.0,12.809999999999999,PL,14262.2841914116,PL,38011735.0,9.565373862866483,17.453405485806353,,518480.0654,,486930.32534999994,385438.9929
Poland,2015,0.04,41.62,11.06,,10.98,15.72,9.97,0.51,,0.0,13.34,0.0,13.34,PL,12637.5220324406,PL,37986412.0,9.444425606744861,17.452739074796696,,597146.3966399999,,506738.73608,420129.71672
Poland,2016,0.03,46.09,15.18,,15.100000000000001,18.39,11.32,0.95,,0.0,17.700000000000003,0.0,11.8,PL,12464.0121044827,PL,37970087.0,9.430600739265602,17.45230922348795,,698269.8999300001,,448047.02660000004,576385.92066
Poland,2017,0.06,47.97,16.15,,16.1,19.48,11.950000000000001,1.02,,0.0,20.22,0.0,13.48,PL,13913.3415190124,PL,37974826.0,9.540603480296335,17.452434024473796,,739749.61048,,511900.65448,613293.4399
Poland,2018,0.07,69.58,23.76,,23.6,26.92,0.0,0.0,,0.0,26.97,0.0,26.97,PL,15658.210586693,PL,37974750.0,9.658750696521182,17.452432023145967,,1022280.2700000001,,1024179.0075,902280.06
Poland,2019,0.19,51.62,24.63,24.36,24.54,29.529999999999998,28.240000000000002,1.27,,0.0,29.31,0.0,29.31,PL,15874.5220531254,PL,37965475.0,9.672470716417932,17.452187752074973,,1121120.47675,924838.971,1112768.07225,935089.64925
Poland,2020,0.13,71.21,24.32,23.970000000000002,24.080000000000002,27.950000000000003,27.240000000000002,0.7,,0.0,27.89,0.0,27.89,PL,16150.9291009726,PL,37515748.0,9.689732856468034,17.440271349454385,,1048565.1566000001,899252.47956,1046314.21172,912382.99136
Poland,2021,0.34,83.7,29.76,29.01,29.34,35.37,34.92,0.45,32.43,0.0,34.56,0.0,34.56,PL,18635.5088812509,PL,36981559.0,9.83282411936186,17.425929940957836,1199311.95837,1308037.74183,1072835.0265900001,1278082.6790400003,1100571.1958400002
Poland,2022,0.61,85.61,31.7,30.72,31.35,35.86,35.5,0.37,34.519999999999996,0.0,36.75,0.0,36.75,PL,18891.213529396,PL,36821749.0,9.846452200327104,17.42159923399901,1271086.7754799998,1320427.91914,1131164.12928,1353199.27575,1167249.4433
Poland,2023,0.99,67.81,34.1,32.39,33.39,36.93,36.7,0.23,34.33,0.0,40.92,0.0,40.92,PL,22145.2643088909,PL,36687353.0,10.005378951661593,17.417942648730254,1259476.82849,1354863.9462899999,1188303.36367,1501246.48476,1251038.7373
Portugal,2012,0.0,33.39,11.0,,10.8,12.47,8.129999999999999,0.18,,0.39,12.05,0.0,12.45,PT,20593.4274224109,PT,10514844.0,9.932727246703587,16.168298531060238,,131120.10468000002,,130909.8078,115663.284
Portugal,2013,0.0,34.96,13.57,,12.419999999999998,14.36,9.47,0.1,,0.09,13.46,0.71,14.26,PT,21676.4859642714,PT,10457295.0,9.983983355897296,16.162810378950716,,150166.75619999997,,149121.0267,141905.49315
Portugal,2014,0.0,35.15,14.950000000000001,,13.39,17.43,11.55,0.08,,0.63,15.129999999999999,1.44,17.200000000000003,PT,22120.6850127107,PT,10401062.0,10.004268423181667,16.157418474282796,,181290.51066,,178898.26640000002,155495.8769
Portugal,2015,0.0,37.75,16.759999999999998,,14.549999999999999,18.65,12.33,0.11,,0.72,17.03,0.52,18.28,PT,19215.7813014347,PT,10358076.0,9.863487163188946,16.153277063262863,,193178.1174,,189345.62928,173601.35376
Portugal,2016,0.0,39.94,18.43,,16.6,20.21,0.0,0.0,,0.6900000000000001,19.14,0.41000000000000003,20.22,PT,19980.2808866516,PT,10325452.0,9.902501110494697,16.150122473092885,,208677.38492,,208780.63944,190298.08036
Portugal,2017,0.06,45.96,18.53,,16.490000000000002,20.38,0.0,0.0,,0.24,20.17,0.02,20.42,PT,21442.3842768879,PT,10300300.0,9.973124815946102,16.147683578989298,,209920.114,,210332.12600000002,190864.559
Portugal,2018,0.13,59.19,22.41,12.85,18.169999999999998,24.69,22.5,2.2,,0.15000000000000002,24.54,0.0,24.69,PT,23541.1401075289,PT,10283822.0,10.066504812416667,16.14608253877783,,253907.56518,132147.1127,253907.56518,230460.45102
Portugal,2019,0.13,48.65,9.86,8.92,9.040000000000001,11.41,6.99,4.43,,0.15000000000000002,11.32,0.0,11.46,PT,23343.3628970034,PT,10286263.0,10.058067978452309,16.146319873724327,,117366.26083,91753.46595999999,117880.57398,101422.55317999999
Portugal,2020,0.07,49.830000000000005,9.82,8.28,8.36,13.27,6.15,7.11,,0.26,12.96,0.04,13.25,PT,22299.4044062173,PT,10297081.0,10.012315248850163,16.147371014976795,,136642.26487,85259.83068,136436.32325,101117.33542
Portugal,2021,0.1,54.65,11.63,11.540000000000001,11.63,11.63,7.3,4.32,,0.46,11.18,0.0,11.63,PT,24711.4510062111,PT,10361831.0,10.1150220186755,16.153639516631124,,120508.09453,119575.52974000001,120508.09453,120508.09453
Portugal,2022,0.15,53.78,12.34,6.71,6.85,12.36,5.92,6.44,,0.66,11.7,0.0,12.36,PT,24620.519556875,PT,10434332.0,10.111335502557004,16.160612081111356,,128968.34352,70014.36772,128968.34352,128759.65688
Portugal,2023,0.36000000000000004,64.25999999999999,12.89,11.89,12.23,13.36,7.4,5.94,,0.1,13.26,0.0,13.36,PT,27386.2920595024,PT,10578174.0,10.217797877390282,16.174303379707034,,141324.40464,125774.48886,141324.40464,136352.66286
Romania,2012,0.0,19.53,3.02,,2.9,3.4399999999999995,2.08,0.21,,0.09,3.3500000000000005,0.0,3.4399999999999995,RO,8929.95366231474,RO,20058035.0,9.097166484866571,16.814140379568443,,68999.64039999999,,68999.64039999999,60575.2657
Romania,2013,,20.549999999999997,4.49,,4.31,4.9799999999999995,3.1,0.2,,0.18,4.8,0.0,4.9799999999999995,RO,9497.67411615237,RO,19983693.0,9.158802217734207,16.810427148939663,,99518.79113999999,,99518.79113999999,89726.78157
Romania,2014,,21.04,4.41,,4.22,4.8500000000000005,3.0,0.22999999999999998,,0.18,4.67,0.0,4.8500000000000005,RO,10031.7710755404,RO,19908979.0,9.213512443188531,16.80668139396204,,96558.54815,,96558.54815,87798.59739
Romania,2015,0.0,26.240000000000002,4.79,,4.26,6.45,3.8200000000000003,0.56,,0.22999999999999998,5.43,0.0,5.66,RO,8977.01748158196,RO,19815616.0,9.102422977129411,16.801980871683394,,127810.72320000001,,112156.38656,94916.80064
Romania,2016,0.0,31.46,6.379999999999999,,5.5200000000000005,7.470000000000001,4.74,0.34,,0.44999999999999996,6.529999999999999,0.0,7.0,RO,9404.54005870715,RO,19702267.0,9.148947836627244,16.796244263229596,,147175.93449,,137915.869,125700.46345999998
Romania,2017,0.0,37.870000000000005,7.15,,6.630000000000001,7.960000000000001,4.8999999999999995,0.46,,0.48,7.2299999999999995,0.0,7.720000000000001,RO,10727.9822007426,RO,19588715.0,9.280610765819814,16.79046419307813,,155926.1714,,151224.87980000002,140059.31225
Romania,2018,0.0,41.55,9.02,,8.55,10.33,5.42,1.6300000000000001,,0.36,9.219999999999999,0.0,9.58,RO,12502.2624061935,RO,19473970.0,9.433664899408706,16.784589260004093,,201166.1101,,186560.63259999998,175655.2094
Romania,2019,0.0,35.99,9.97,9.24,9.24,11.26,8.75,2.5,,0.19,10.729999999999999,0.0,10.93,RO,12992.0326104674,RO,19371648.0,9.472091572440442,16.77932111178473,,218124.75647999998,178994.02752,211732.11263999998,193135.33056
Romania,2020,0.0,38.46,9.84,8.95,8.95,11.78,10.36,1.41,,0.11,11.07,0.0,11.18,RO,13082.3006559554,RO,19265250.0,9.479015500672247,16.773813512859313,,226944.645,172423.9875,215385.495,189570.06
Romania,2021,0.0,46.56,17.17,15.49,15.5,19.55,11.69,7.87,,0.13,19.05,0.0,19.2,RO,14986.7854904274,RO,19122059.0,9.614924124499753,16.76635314807408,,373836.25344999996,296200.69391000003,367143.5328,328325.75303
Slovenia,2012,0.02,41.28,11.95,,10.96,13.74,8.6,0.57,,3.37,10.08,0.0,13.440000000000001,SI,22442.1417859955,SI,2057159.0,10.018695800090759,14.536836462682349,,28265.36466,,27648.21696,24583.050049999998
Slovenia,2013,,41.5,6.6899999999999995,,6.36,12.440000000000001,7.76,0.54,,1.8199999999999998,9.46,0.0,11.29,SI,23236.9655321695,SI,2059953.0,10.053499631535798,14.538193724971505,,25625.815320000005,,23256.869369999997,13781.08557
Slovenia,2014,,44.26,13.16,,11.53,14.120000000000001,8.19,1.19,,4.27,9.83,0.0,14.100000000000001,SI,24013.0682060959,SI,2061980.0,10.086353469726403,14.539177244190956,,29115.157600000002,,29073.918000000005,27135.6568
Slovenia,2015,0.0,45.67,13.549999999999999,,13.2,15.309999999999999,8.81,1.3699999999999999,,4.26,5.74,0.0,9.99,SI,20697.2748530619,SI,2063531.0,9.937757320976354,14.539929151081072,,31592.659609999995,,20614.67469,27960.845049999996
Slovenia,2016,0.0,49.07,15.98,,14.420000000000002,18.22,10.79,0.7,,3.7600000000000002,13.15,0.0,17.83,SI,21447.8377796036,SI,2065042.0,9.973379116459535,14.540661123153487,,37625.065239999996,,36819.69886,32999.37116
Slovenia,2017,0.0,48.53,18.32,,15.96,18.35,11.74,0.49,,4.89,14.27,0.0,19.169999999999998,SI,23303.077705959,SI,2066388.0,10.056340721215133,14.541312713545977,,37918.219800000006,,39612.65796,37856.228160000006
Slovenia,2018,0.0,52.32000000000001,18.5,,16.41,19.42,12.41,0.55,,4.86,14.79,0.0,19.68,SI,25888.0481065655,SI,2073894.0,10.161536678113812,14.544938557497325,,40275.02148,,40814.23392,38367.039
Slovenia,2019,,49.35,14.96,13.91,13.91,15.940000000000001,15.17,0.76,,3.34,12.469999999999999,0.0,15.82,SI,25814.1687167572,SI,2088385.0,10.158678795236376,14.551901597960658,,33288.8569,29049.43535,33038.2507,31242.2396
Slovenia,2020,0.0,42.14,12.82,11.73,11.73,13.7,13.22,0.5,,3.82,9.870000000000001,0.0,13.7,SI,25392.0651093612,SI,2102419.0,10.142192006931191,14.558599144522308,,28803.140299999995,24661.37487,28803.140299999995,26953.011580000002
Slovenia,2021,0.0,51.66,14.12,12.83,12.83,14.75,14.37,0.39,,4.8,10.26,0.0,15.06,SI,29187.369382785,SI,2108079.0,10.28149133929323,14.561287664222007,,31094.16525,27046.65357,31747.66974,29766.075479999996
Slovenia,2022,0.0,75.83,13.27,11.83,11.84,14.63,13.32,1.32,,2.04,12.16,0.0,14.2,SI,28373.8382265999,SI,2112076.0,10.253222810389543,14.563181908009335,,30899.67188,24985.859080000002,29991.479199999998,28027.24852
Slovenia,2023,0.0,75.59,14.27,13.0,13.0,15.7,13.42,2.26,,3.8499999999999996,11.74,0.0,15.58,SI,32610.110922729,SI,2120461.0,10.392377670271875,14.567144075838945,,33291.2377,27565.993,33036.78238,30258.97847
Spain,2012,0.01,36.8,9.2,,8.56,10.14,6.25,0.51,,0.0,10.14,0.0,10.14,ES,28456.4438151477,ES,46773055.0,10.256129910046859,17.66081784721818,,474278.77770000004,,474278.77770000004,430312.1059999999
Spain,2013,,23.12,8.23,,7.36,8.96,8.66,0.34,,0.0,8.92,0.0,8.92,ES,29228.846559842,ES,46604197.0,10.28291139649337,17.657201159418005,,417573.6051200001,,415709.43724,383552.54131
Spain,2014,0.05,35.980000000000004,9.64,,9.18,11.94,7.59,0.36,,0.0,10.92,0.0,10.92,ES,29707.765509467,ES,46460733.0,10.299163755580002,17.654118062194566,,554741.15202,,507351.20436000003,447881.46612
Spain,2015,0.0,38.97,12.22,,11.27,14.919999999999998,9.22,0.71,,0.0,13.14,0.0,13.14,ES,25982.4416197775,ES,46422303.0,10.165176266554539,17.653290569816026,,692620.7607599999,,609989.06142,567280.54266
Spain,2016,0.0,41.41,15.84,,14.95,16.96,10.68,0.86,,0.03,17.509999999999998,0.03,17.57,ES,26755.6061149398,ES,46458139.0,10.19449930475678,17.65406222854216,,787930.0374400001,,816269.50223,735896.9217599999
Spain,2017,0.0,43.97,16.96,,16.009999999999998,19.25,11.98,1.1,,0.17,18.619999999999997,0.0,18.79,ES,28381.3425596906,ES,46571232.0,10.253487256138124,17.656493569407864,,896496.216,,875073.44928,789848.09472
Spain,2018,0.0,47.91,19.84,,18.34,21.33,12.64,1.84,,0.0,21.619999999999997,0.0,21.619999999999997,ES,30602.4212881113,ES,46782011.0,10.328834411872553,17.661009306652936,,997860.2946299999,,1011427.0778199999,928155.09824
Spain,2019,0.38,46.75,16.42,15.25,15.61,19.61,17.19,2.42,,0.0,17.96,0.0,17.96,ES,29786.5245689007,ES,47118501.0,10.301811374547727,17.668176284407693,,923993.80461,718557.14025,846248.2779600001,773685.78642
Spain,2020,0.28,54.84,18.78,17.77,18.07,20.95,18.16,2.77,,0.0,20.849999999999998,0.0,20.869999999999997,ES,27233.9426461608,ES,47359424.0,10.21221936571773,17.673276386303904,,992179.9328,841576.96448,988391.1788799999,889409.98272
Spain,2021,0.27,55.65,16.54,15.37,15.64,21.650000000000002,18.46,3.1799999999999997,33.94,0.0,18.3,0.0,18.3,ES,30799.4775937775,ES,47443821.0,10.335253007576831,17.675056853255118,1610243.28474,1027158.7246500001,729211.52877,868221.9243000001,784720.7993399999
Spain,2022,0.47,72.08,16.21,14.56,15.02,21.81,18.05,3.76,33.75,0.0,17.76,0.0,17.77,ES,30270.2687017458,ES,47786102.0,10.317921278809726,17.68224540204672,1612780.9425,1042214.8846199999,695765.64512,849159.0325399999,774612.71342
Spain,2023,0.33,85.08,17.39,16.09,16.43,23.48,19.2,4.27,39.78,0.01,18.59,0.36,18.97,ES,33509.0127982139,ES,48347910.0,10.419569720381377,17.693933552455658,1923279.8598,1135208.9268,777917.8719,917159.8526999999,840770.1549
Sweden,2012,0.0,69.06,48.790000000000006,,44.81,53.120000000000005,33.15,2.27,,0.03,53.0,0.0,53.03,SE,57749.8251328664,SE,9519374.0,10.963875600377142,16.068839648302987,,505669.1468800001,,504812.40322000004,464450.25746000005
Sweden,2013,0.05,75.85,50.66,,46.18,55.18,34.6,2.14,,0.0,55.18,0.0,55.18,SE,60844.2767113975,SE,9600379.0,11.016073038304361,16.07731313482545,,529748.91322,,529748.91322,486355.20014
Sweden,2014,0.1,73.63,41.349999999999994,,37.69,44.82,27.26,2.62,,0.0,44.82,0.0,44.82,SE,59583.7140001673,SE,9696110.0,10.995137560681732,16.08723533211137,,434579.6502,,434579.6502,400934.14849999995
Sweden,2015,0.06,78.66,40.38,,36.86,44.09,24.38,4.99,,0.0,44.08,0.0,44.09,SE,51197.9529341175,SE,9799186.0,10.84345482847279,16.097809878966537,,432046.11074000003,,432046.11074000003,395691.13068
Sweden,2016,0.01,78.32000000000001,45.269999999999996,,41.17,49.34,27.93,4.96,,0.15000000000000002,49.19,0.0,49.34,SE,51820.3972482676,SE,9923085.0,10.855539120012375,16.110374418817567,,489605.0139,,489605.0139,449218.05795
Sweden,2017,0.01,83.15,38.730000000000004,,35.22,42.17,24.5,3.63,,0.02,42.150000000000006,0.0,42.17,SE,53300.8587281785,SE,10057698.0,10.883707721247013,16.12384886941319,,424133.12466000003,,424133.12466000003,389534.64354
Sweden,2018,0.04,84.94,39.129999999999995,,35.47,42.57,24.32,4.06,,0.03,42.519999999999996,0.0,42.57,SE,54181.9069780904,SE,10175214.0,10.900102312105146,16.135465321012795,,433158.85998,,433158.85998,398156.1238199999
Sweden,2019,0.05,61.3,35.589999999999996,31.36,31.39,36.33,35.08,1.25,,0.03,36.28,0.0,36.33,SE,51773.0464558993,SE,10278887.0,10.854624954135216,16.145602543647346,,373431.96471,322345.89632,373431.96471,365825.58833
Sweden,2020,0.29,71.57000000000001,32.28,25.61,25.91,34.480000000000004,33.15,1.34,,0.06,34.730000000000004,0.0,34.78,SE,52653.7565934247,SE,10353442.0,10.871492865319274,16.152829582776178,,356986.68016000005,265151.64962,360092.71275999997,334209.10776
Sweden,2021,0.08,78.9,29.34,23.34,23.42,30.84,25.88,4.9799999999999995,,0.02,30.99,0.02,31.02,SE,61174.9680215622,SE,10415811.0,11.021493365573706,16.158835498104573,,321223.61124,243105.02874,323098.45722,305599.89474
United Kingdom,2012,1.3,44.79,0.0,,,15.81,15.34,0.46,,0.0,14.49,0.0,14.49,GB,42490.1465463521,GB,63711000.0,10.65702748206389,17.969867790092547,,1007270.91,,923172.39,0.0
United Kingdom,2013,0.84,45.01,,,,15.36,14.8,0.56,,0.0,14.52,0.0,14.52,GB,43419.0352598932,GB,64139000.0,10.6786532243898,17.976563161212827,,985175.04,,931298.28,
United Kingdom,2014,0.74,51.74,14.14,,13.02,16.16,15.72,0.42,,0.0,15.78,0.0,15.78,GB,47426.6209829995,GB,64620000.0,10.766938974145283,17.984034518360627,,1044259.2,,1019703.6,913726.8
United Kingdom,2015,0.65,57.050000000000004,17.86,,17.02,21.009999999999998,20.77,0.22999999999999998,,0.0,20.36,0.0,20.36,GB,44983.885522934,GB,65088000.0,10.714059605129167,17.99125075839037,,1367498.8799999997,,1325191.68,1162471.68
United Kingdom,2016,0.7,54.71,26.41,,24.71,30.29,30.009999999999998,0.29,,0.0,29.580000000000002,0.0,29.580000000000002,GB,40988.1044233026,GB,65607000.0,10.621037167571838,17.999192955538568,,1987236.03,,1940655.0600000003,1732680.87
United Kingdom,2017,0.5,50.2,24.150000000000002,,22.17,27.009999999999998,26.74,0.27,,0.0,26.51,0.0,26.51,GB,40629.2340347345,GB,65966000.0,10.612243136594726,18.00465001573942,,1781741.6599999997,,1748758.66,1593078.9000000001
United Kingdom,2018,0.0,49.01,22.96,,21.67,25.14,24.900000000000002,0.23,,0.0,15.64,0.0,15.64,GB,43315.4874501318,GB,66289000.0,10.676265527871257,18.009534528872233,,1666505.46,,1036759.96,1521995.44
